order_id,driver_id
100042151807,751559736956.0
100081753505,347745483760.0
100161922318,101802097495.0
100241210016,722143793474.0
100257841517,627769447837.0
100289083506,298832698747.0
100340017514,987015453294.0
100834726211,189139917943.0
100851472409,307284975605.0
101032300407,678766933203.0
101076130600,348157232951.0
101235233017,813554519366.0
101375162815,240328430994.0
101443983416,373145085123.0
101506182804,582505577992.0
101548109602,353747251430.0
101597066600,362878369660.0
101674434414,160374928053.0
101780066710,645622251793.0
102027030312,637467916719.0
102200016315,807241154023.0
102256738518,238446439071.0
102348481303,544788686130.0
102384329060,362878369660.0
102483157180,492502018353.0
102799413817,370926431846.0
102909772804,100370651480.0
102989674213,967284175111.0
103060506603,526910797370.0
103068442701,176320760419.0
103165968103,425693804207.0
103446678709,202971080983.0
103493272201,323263454048.0
103556175410,978017262177.0
103567408715,177062924652.0
103675908119,443647627970.0
103701494617,692243206633.0
103889800511,323661107320.0
103896127904,306796326021.0
103947567417,235274687122.0
103965468316,686578826103.0
104103547203,246921620720.0
104133528204,702899384300.0
104236985500,241382338482.0
104370664009,989883834650.0
104456714214,752376188777.0
104701533709,496233560135.0
104724561008,251155209123.0
104801913613,196864828370.0
104877464016,989287606601.0
104957998700,167755951720.0
104993547040,727086199307.0
105018897709,532440647976.0
105282339314,612164959018.0
105438935709,298857950638.0
105442874710,219435696186.0
105457393404,899387542304.0
105525805603,402716734944.0
105553219911,280245900258.0
105699819400,173817907479.0
105792733816,401524335716.0
105798500600,509960837742.0
105877941607,581436963351.0
105898302110,326152769961.0
105988374713,308640691442.0
106067738160,127820204330.0
106084968001,219694189431.0
106092983610,270966746394.0
106257352503,832643535588.0
106302156011,200300595326.0
106339020090,511081344627.0
106397836906,578597721357.0
106408151514,825144558878.0
106421386000,814817194714.0
106477690709,745183418346.0
106513111809,974839396291.0
106516481401,137606031944.0
106553756610,220334512519.0
106598783108,837797686853.0
106604743601,934144689713.0
106653218314,478257783607.0
106717331401,201125749404.0
106758631514,540340714843.0
106844960406,779747933817.0
106845516906,376052169952.0
106933194618,306256431125.0
107006106201,359355814997.0
107084148601,605939269566.0
107184885912,837895141759.0
107284170601,559544992028.0
107300338114,732291984090.0
107323714212,660926051479.0
107435145707,453774213876.0
107477558818,894717352633.0
107494364817,764343239033.0
107528004011,323263454048.0
107566844212,100680487454.0
107701079214,912511810158.0
107752080903,898071465490.0
107971900806,700076470973.0
108092772116,102595518630.0
108095154000,483198159217.0
108145899317,273625416949.0
108157078002,169306009345.0
108420836617,167682079016.0
108544674104,715415272120.0
108559506209,564243896864.0
108605550800,846440239782.0
108658177080,102075977289.0
109074345713,915106864683.0
109188641118,498326322368.0
109219721305,667321406540.0
109270829316,919569099637.0
109305435505,600954005371.0
109389586809,410642352545.0
109652448111,407392911299.0
109667986818,591056385033.0
109684471700,886955125660.0
109807993319,979009009877.0
109869548717,618017486148.0
110008904517,313771348401.0
110021690201,107164933621.0
110053896514,101563653512.0
110065443713,984493686367.0
110144481805,406976619436.0
110207925308,907866805778.0
110290205713,290574370706.0
110347087190,422033983418.0
110631344403,147595681352.0
110726269811,664425595770.0
110765906190,103539144205.0
110892911110,376052169952.0
111003289010,773279884449.0
111020486910,712497568757.0
111168463150,571497959934.0
111198102060,858818874364.0
111454382080,482397041840.0
111716901203,886681609970.0
111869666718,485659692376.0
111908154713,281959528392.0
111910624180,141139702567.0
112526939819,790101315365.0
112713528213,455441231552.0
112815257706,615464469981.0
112863414309,403321283919.0
112939835002,695568750364.0
112969574019,868461294982.0
113070932104,989287606601.0
113195116080,335958487187.0
113255877918,832816222779.0
113348414508,720954062958.0
113355373008,810571203006.0
113465307416,337047087637.0
113530475409,223523583250.0
113569663507,539206272204.0
113661551317,103317127411.0
113677654100,743992929134.0
113732968060,220334512519.0
113743490317,505508123434.0
113808449317,365029402560.0
113896301010,792042917051.0
113913784500,140890672615.0
113947275160,498576189494.0
113993045911,418312767513.0
114000260803,575359700847.0
114035999216,696750046802.0
114096626603,356003559972.0
114204365705,306604173889.0
114321661915,554238096385.0
114392590700,869744623729.0
114530721610,884769074746.0
114581346013,117202038490.0
114620819611,250187185377.0
114627987612,482460032535.0
114846674710,751559736956.0
114931023400,228159547172.0
114962736116,497341843131.0
115019015102,498576189494.0
115026300607,910336203303.0
115200172415,755029707491.0
115298368911,587259310430.0
115559962105,970426885002.0
115662146203,469856027449.0
115712134130,621603685691.0
115776365306,917109698948.0
115928234014,783491793687.0
116120594016,582822283274.0
116289387805,233644865402.0
116361527211,726373230857.0
116487990001,861140573631.0
116533214102,247223296933.0
116565957700,890580664180.0
116575164203,996996863740.0
116615118114,284862495870.0
116681852705,347927858467.0
116706188717,264088777932.0
116838396117,128210482042.0
116899480105,191962597333.0
116940400019,627769447837.0
117045625802,601978395850.0
117077943316,618089044574.0
117195562819,607683037690.0
117300124715,125708778128.0
117344181409,376812551945.0
117406630819,679598515802.0
117517685510,685393680823.0
117522530907,990341776106.0
117622414813,399137143940.0
117667984607,864989941234.0
117921503508,951164713938.0
117930600415,431679613977.0
117996063519,625956140335.0
118008884716,629125728167.0
118137885218,356003559972.0
118334381204,912428060012.0
118489403705,307165830084.0
118595259306,660561929475.0
118650130214,310485097973.0
118717254509,958005755089.0
118834238207,277211799058.0
118901861018,252033557577.0
118956586914,622102778893.0
118965794216,559630420189.0
118976548030,244887574431.0
119087272309,356003559972.0
119143203902,282897339267.0
119279999180,641923451984.0
119322392705,174525469773.0
119436454117,443693051028.0
119456814614,873552761047.0
119473955500,237328248043.0
119478260802,282897339267.0
119534733717,163384104150.0
119573270605,901635720704.0
119580113190,240672509858.0
119602320411,477206724192.0
119928758003,487110505113.0
120005795719,904426288440.0
120037764150,212024658521.0
120037869111,646396207881.0
120041376904,766074739422.0
120055975412,498129888479.0
120227469810,881559318595.0
120247986503,763622877481.0
120307455509,456263622577.0
120416612314,762099568321.0
120474904608,651076418482.0
120541263513,354188508686.0
120722523315,588514433046.0
120819181717,577854260519.0
120925169519,837895141759.0
120976254607,918667144162.0
120995641711,311034258170.0
121014887505,724471656353.0
121026953904,160166143708.0
121095308014,428950173355.0
121101808417,881559318595.0
121122902819,790101315365.0
121154903120,353729032188.0
121197813717,676349243136.0
121210296709,740172518500.0
121233948108,348119587602.0
121305981814,355468059610.0
121515292014,561019356087.0
121537265711,142299109862.0
121581907080,390355063023.0
121788554114,195599788035.0
121798006106,733620751121.0
121860018301,727086199307.0
121888663606,236307010559.0
122309314505,931475037206.0
122601536180,548624897181.0
122651377310,662819608598.0
122683994307,686869711440.0
122768880710,163217902596.0
122787405805,261834989729.0
122820700304,467566346992.0
122956636810,869744623729.0
123029861617,482397041840.0
123046142314,505127796341.0
123134654410,379288181808.0
123146249120,150987650430.0
123152467040,438568145531.0
123271016912,230834082759.0
123278260600,441390486279.0
123473964417,652607911377.0
123515587706,867643972193.0
123665698814,799956377733.0
123727485190,457765057674.0
123750304207,943166955512.0
123789548060,247901214219.0
123826764003,784172833979.0
123910929913,931652149395.0
124030982416,970282776855.0
124113504405,467043138419.0
124180845111,289710847990.0
124211334502,578001261836.0
124425973302,522274417175.0
124486451913,550712538987.0
124513657711,163245800280.0
124635717807,804641406000.0
124761769415,252634963841.0
124799652060,775607149586.0
124820757917,970020482623.0
124992698517,264088777932.0
125016879030,451698309653.0
125063807302,884006876365.0
125067994060,657548812746.0
125094532906,986734342769.0
125260091700,951643071037.0
125299921209,200575739888.0
125314843513,976080994319.0
125328903602,385139943212.0
125525305804,838321998904.0
125539687508,953515402565.0
125729626401,343750992390.0
125732363115,891286983719.0
125780138080,342181276370.0
125784271008,967284175111.0
125822535309,817310419677.0
125822677112,750657160084.0
125900726805,531171939025.0
125978894040,670879894542.0
126122331809,629611912400.0
126205153611,727747049200.0
126220484817,426642430939.0
126375212215,457284096056.0
126471971518,488126315747.0
126562501200,378246041674.0
126597944616,413171982547.0
126821203718,953145608562.0
126829797609,805254441275.0
126847744703,575132512410.0
126939247904,607683037690.0
126966834704,817310419677.0
126988985512,816673790082.0
127019440100,634878317793.0
127133816309,386471787276.0
127166926112,996353341815.0
127263547902,128355112335.0
127272280204,809941217565.0
127659836310,306976607111.0
127703078403,637393324270.0
127779612200,729396482669.0
127878289500,989883834650.0
127887590050,397081534961.0
127958007419,167424030963.0
128012061140,789605604329.0
128194270010,503099993692.0
128308140515,170220892202.0
128336316009,944961889596.0
128444117604,545542082108.0
128469908708,564564336097.0
128691851011,500647653382.0
128735703000,313462915999.0
128765282717,680391703684.0
128832899301,758948250014.0
128991334901,449692042560.0
129008105604,639615257315.0
129029955217,379029503250.0
129085456307,594449194102.0
129113407719,275045309295.0
129130268004,481512373151.0
129193760700,617486560884.0
129307590006,420114492139.0
129321770200,205276352981.0
129328254208,891286983719.0
129446383412,354782656172.0
129489072703,645622251793.0
129609165313,353729032188.0
129705492406,700076470973.0
129743277401,736074393075.0
129759046217,720053963465.0
129767749517,990341776106.0
129778753209,644461184360.0
129846267819,932361672207.0
129860110015,884121041650.0
130091178208,832788478530.0
130235441614,673712261640.0
130253598211,377162258094.0
130459831014,458865034895.0
130553816060,225956965779.0
130622414910,191923451211.0
130798619619,865638526335.0
130799686612,685393680823.0
130841312413,904442276808.0
130912055214,873552761047.0
130930528812,214894109917.0
130941761502,398157317921.0
130992443519,106036198731.0
131015909012,270578538877.0
131129100406,507905159833.0
131146814203,843993930627.0
131168685601,551870185700.0
131192980719,309306761570.0
131207592218,465376630157.0
131226681715,306976607111.0
131226812013,471125483124.0
131258612515,869353712471.0
131396932307,998963822666.0
131516415614,219435696186.0
131642048607,817310419677.0
131718327606,160374928053.0
131883182914,870914829702.0
131884981510,337047087637.0
131995621508,957625022374.0
132119339815,405780674285.0
132194744030,858258530151.0
132533282200,241382338482.0
132691627619,766406698847.0
132761548810,104463582857.0
132952316706,778988246069.0
133026128090,779360705175.0
133240863405,326841064192.0
133247413318,534181528888.0
133379177618,985346859249.0
133559265801,765458166150.0
133607933418,520489119899.0
133678327710,646945911682.0
133760241013,760565616105.0
133811504419,362878369660.0
133848733406,443647627970.0
133862615616,705809987910.0
133871453713,233660861011.0
133924568210,685393680823.0
134130959713,594347291315.0
134222699413,837895141759.0
134246165818,352335411645.0
134631984710,519373746531.0
134633759804,708381366518.0
134657353915,712401025841.0
134745253519,847847985934.0
134821123913,138222563393.0
134939405214,226597947729.0
135072935012,758730540317.0
135099699080,136514175036.0
135189629504,820070162448.0
135233395113,398623067673.0
135259320513,103317127411.0
135312692405,853243822497.0
135448774715,427699899903.0
135480056216,114329854747.0
135498414010,600091519028.0
135772976707,816673790082.0
135946199312,355468059610.0
135951313313,325094470922.0
135988256502,225659055493.0
136026849003,881559318595.0
136182342510,856672394019.0
136248110619,844656798980.0
136278184612,976080994319.0
136361942702,136514175036.0
136564750700,618434161412.0
136960514410,153291316325.0
136968810312,657619826733.0
136986703011,434811609132.0
137032186805,861140573631.0
137127102609,450655767157.0
137190170402,637651283521.0
137301912518,693745110100.0
137473013308,296270010624.0
137582182307,253581878562.0
137669980201,196967824605.0
137815279901,762099568321.0
137881379619,571275240779.0
137884376916,456615300420.0
137913960915,252025300486.0
138036341805,869744623729.0
138125658000,115866954859.0
138334819014,323263454048.0
138423945501,569725163603.0
138426381819,140890672615.0
138869505103,275045309295.0
139015684012,551159578520.0
139348763507,427413751493.0
139374287711,173817907479.0
139430048615,495097075547.0
139449754700,659443690057.0
139731295816,846440239782.0
139791678601,995260120268.0
139913681100,600504897471.0
139921473018,257902491991.0
139991223900,917420265470.0
140192951719,580550793953.0
140314561216,688276188400.0
140334225310,387046769071.0
140346093109,573514419218.0
140507914602,837895141759.0
140531135314,226949527314.0
140589181413,924825355008.0
140675529716,954449245879.0
140694003002,173675519298.0
140824439902,218145185534.0
140860671412,296006164700.0
141009321302,587123374320.0
141026686080,196967824605.0
141054836415,307165830084.0
141139419411,782107741114.0
141146448003,498576189494.0
141165533508,416971258642.0
141262590050,890200738607.0
141292447313,985893215240.0
141358047402,884855887500.0
141384323808,469395117752.0
141432776902,642810878957.0
141456898707,147658953745.0
141543536900,265802540153.0
141558991309,724471656353.0
141615444212,804641406000.0
141731195007,936921810333.0
141760027218,884769074746.0
141843278611,118556878692.0
141854888617,352831324788.0
141901929110,336979845873.0
141940518102,989931875594.0
141993332901,765458166150.0
142219511313,755029707491.0
142240814714,456263622577.0
142307456100,487666347343.0
142310168008,626430250300.0
142358547130,866540828698.0
142402099713,487198233765.0
142429224602,427220123792.0
142432714416,727906518215.0
142448964115,315271651310.0
142631356916,702899384300.0
142637835816,910336203303.0
142675339108,204635885255.0
142677257907,305627012174.0
142740206310,769988763369.0
142780159418,185940878032.0
142856658503,779918786150.0
142903526911,630022347704.0
142992253815,591283087644.0
143326721705,937900793051.0
143350551302,668115958896.0
143568162909,283247257795.0
143727981703,467351278302.0
143743109919,412498949519.0
143760227809,793272661379.0
143774809015,965679007279.0
143788261615,351638013489.0
143814523100,318012387943.0
143824783112,121726078993.0
143845093704,376812551945.0
144092777903,160166143708.0
144110143001,725684411420.0
144301175403,826101379005.0
144315811402,237148356717.0
144345244020,608053367682.0
144529386714,679598515802.0
144540096306,347745483760.0
144569931013,321310932198.0
144614638402,751559736956.0
144627245718,382319141926.0
144835484070,441776164085.0
144864658406,526910797370.0
144867302900,475901522314.0
144986063712,259186636053.0
145065030615,111829939005.0
145099973915,956436229718.0
145171782202,565177334826.0
145278281001,901635720704.0
145584310403,365029402560.0
145588912203,936325347962.0
145642232619,952600335030.0
145653534160,766406698847.0
145678953201,652814694050.0
145930346403,529765881502.0
145943162301,244644694024.0
145998532115,729156363138.0
146006910060,981979178449.0
146079349206,673712261640.0
146186129115,438583926376.0
146278742901,509804295942.0
146420091905,356003559972.0
146479919712,558551918580.0
146485170308,524077797506.0
146597434400,636728050655.0
146641405310,222134042519.0
146688568903,531061047861.0
146731778506,790101315365.0
146881647500,904298439054.0
146956182118,837895141759.0
147002913130,626430250300.0
147032991117,594940144659.0
147087054305,773901736850.0
147159947817,553915526011.0
147273396090,568448377380.0
147292757703,261834989729.0
147368112800,421113542053.0
147442919170,423702109226.0
147644994803,573514419218.0
147656321310,853850168736.0
147680795417,355468059610.0
147681627809,356003559972.0
147719038106,781085688407.0
147788281611,964593982915.0
147834516616,839284226998.0
147841810918,967029881380.0
147854810515,626264680504.0
147884265200,356910019590.0
147946244518,886664288330.0
147983432406,407804157399.0
147993013402,381538151896.0
148026687908,886591177551.0
148158928612,309220474972.0
148255856918,931652149395.0
148334006814,446312811712.0
148411145903,108442445101.0
148529046050,630459597919.0
148582264116,675448086627.0
148711523116,149125077195.0
148728994008,487198233765.0
148787718918,860497987620.0
148897540100,300820451126.0
148930689818,777098154797.0
148996725706,745537834176.0
149097094710,918450477017.0
149113472501,864989941234.0
149235250409,148953337271.0
149266544708,667321406540.0
149329958130,427594060090.0
149370410215,679598515802.0
149521929113,868654257341.0
149535020160,189745349610.0
149767521617,688276188400.0
149878426702,239692256544.0
149975256505,222192100900.0
150009510060,467566346992.0
150012048314,225659055493.0
150080954404,822924243857.0
150236242080,163166421418.0
150247329604,347293140776.0
150307368609,115147367863.0
150422421904,206064848082.0
150531070917,948464271492.0
150617322503,191962597333.0
150744896116,234577930453.0
150802559210,848663356186.0
150803018012,356003559972.0
150878734806,565447457244.0
151108791104,730340479104.0
151151457417,414651256195.0
151154283608,577909774514.0
151201377510,319741382403.0
151459454709,973723041865.0
151486507407,672853499759.0
151523959518,459389544939.0
151589851409,884095339917.0
151701187718,682707906365.0
151764866811,347293140776.0
151933352109,837797686853.0
152002451413,619673390607.0
152033032009,991152529164.0
152033352019,349102432299.0
152092430304,727746919350.0
152237614050,601565767049.0
152412907710,567507789351.0
152485368616,694550688092.0
152562588607,349102432299.0
152601568603,942711227942.0
152659029911,114208042116.0
152747357707,437650130114.0
152842266407,400160952525.0
152849765020,801843185583.0
152915468703,936258274112.0
153054874311,296006164700.0
153149137414,790661211264.0
153211612404,565964917193.0
153223888602,441776164085.0
153514551814,800218958053.0
153595086916,645622251793.0
153603556318,211148260377.0
153614738200,762099568321.0
153664242408,704968827504.0
153672607401,985893215240.0
153700374104,339822568996.0
153711202208,116618543436.0
153801456909,513512977514.0
153841892113,524563312953.0
154058364805,690004743256.0
154268505812,523499743033.0
154294780000,199658681106.0
154336669208,860497987620.0
154340813210,421743036244.0
154354034303,427699899903.0
154362248513,470666333580.0
154390899515,591283087644.0
154395373614,252025300486.0
154533407114,570973169207.0
154946266603,220900285441.0
154960135105,406339147423.0
155067447160,990341776106.0
155315520413,111910874923.0
155336377070,306071090008.0
155380164108,230834082759.0
155471162015,211651041661.0
155625696203,317883281388.0
155785507915,631233431817.0
155796654915,532527860967.0
155819607160,908795208310.0
155883441030,328572739197.0
155987859609,733656259914.0
156003098809,108881372484.0
156101559804,857893305732.0
156109350917,774405534242.0
156114898412,869783452100.0
156257490600,610608087276.0
156295364905,517408343546.0
156310371410,381772856026.0
156418394202,326665629481.0
156528257312,446312811712.0
156537601214,917615936461.0
156598749317,991728055010.0
156636995419,229473768258.0
156675140011,204802270581.0
156696211713,316722240745.0
156752434701,458865034895.0
156871385015,540983807470.0
156902371110,469395117752.0
157056143310,757859970183.0
157228930414,772321604944.0
157254934811,712497568757.0
157392764006,456263622577.0
157576387217,174095984679.0
157686256404,870259977651.0
157832727050,320736253044.0
157891336917,559491438109.0
157927845213,320859887531.0
158033000307,948874142926.0
158291464314,364555592181.0
158385708118,414063576033.0
158405636805,766627766512.0
158429427114,356910019590.0
158497771207,682465582875.0
158561612919,303001786321.0
158572494703,970413739994.0
158597390014,192051771567.0
158834492017,109200577575.0
159089070917,819150795248.0
159188332719,927948192565.0
159225538509,296350509463.0
159233760718,292747029679.0
159278332804,873343403643.0
159374192002,321427390528.0
159383852505,212805865052.0
159386907306,605045394363.0
159458342010,910471171037.0
159513292919,750516553830.0
159595595019,630459597919.0
159655036319,942522316498.0
159795919517,611426731457.0
159829306108,779438626188.0
159895392712,271936096806.0
159943501010,100370651480.0
159984943814,627606392711.0
160186455809,632096193552.0
160208433405,222981000089.0
160260590014,686116130065.0
160307795517,844124878302.0
160437107304,773638355387.0
160578813114,150801800340.0
160678419609,685393680823.0
160702676600,888084065467.0
160747267913,874045119128.0
160757188303,368100214297.0
160992094702,840363555908.0
161012084911,167682079016.0
161015003013,758598984912.0
161131768304,716436621518.0
161192028513,529765881502.0
161204114206,218138587462.0
161305753306,765458166150.0
161334125110,708381366518.0
161371955112,390617789676.0
161424939113,813578863705.0
161608793219,757517149183.0
161625159702,244887574431.0
161712456040,782107741114.0
161765679804,959268901166.0
161793171019,906577088208.0
161884941050,708974061055.0
162034703614,296270010624.0
162121916212,793349862460.0
162152636107,192052858130.0
162275715114,390744961745.0
162485409150,700501387324.0
162491922517,160461022719.0
162601351912,539003589072.0
162634964706,718493650746.0
162765501803,837797686853.0
162785987311,366306075980.0
162936812100,255423405976.0
163050787150,593082733705.0
163309468206,924825355008.0
163319558020,779289438946.0
163355503006,644946521203.0
163603202207,201125749404.0
163657429413,792042917051.0
163767583911,770670825088.0
163774582500,676509290707.0
163808968115,868461294982.0
163830053808,227357346224.0
163836921802,389818409607.0
163848543204,827483003796.0
163867057213,925474880115.0
164039376219,740961974413.0
164250200215,915627209428.0
164399641500,936325347962.0
164505548305,626430250300.0
164534405814,736074393075.0
164553519804,369455075967.0
164651545606,952931536932.0
164735969170,776783468157.0
164761205517,425931243115.0
164984511504,908795208310.0
165004571500,814514354669.0
165142716717,720053963465.0
165277934412,487198233765.0
165324250011,875193498906.0
165346028705,229695582813.0
165391380600,746854440104.0
165592480406,129793999262.0
165626425404,733656259914.0
165672734404,976406890863.0
165704693612,916637622750.0
165750223000,981975581336.0
165793333502,693076930951.0
165905311809,628047151469.0
165931795906,650493242851.0
166021285506,284221765724.0
166088583005,949318772820.0
166307370507,853850168736.0
166356489200,511081344627.0
166413916703,466018351154.0
166430896310,262639280994.0
166458234212,264122898609.0
166797349700,483198159217.0
166841270619,596849959862.0
166906723200,750657160084.0
166924593806,690004743256.0
166970202709,771720791726.0
167151722515,268423010057.0
167164917100,107486437738.0
167248031017,890843198819.0
167291152703,796270433976.0
167384400307,529020575630.0
167407708717,644946521203.0
167485548017,891286983719.0
167544079909,510949404037.0
167559897060,430456369750.0
167591335606,803607447245.0
167669249104,858258530151.0
167795673114,782251253577.0
167852014600,637865890329.0
167964597707,113028261601.0
168138871302,846440239782.0
168158944005,970426885002.0
168233862512,178665706354.0
168368218115,278196009730.0
168476047711,708953393706.0
168579520412,762608171855.0
168772832070,200575739888.0
168963045807,997886386486.0
168963371717,759251727490.0
169036367206,225659055493.0
169065624702,747715710114.0
169150025319,750657160084.0
169338213814,960265745469.0
169340963302,933359894286.0
169387593112,906567474827.0
169467319201,213169682082.0
169533293602,910471171037.0
170023030209,703688013950.0
170044156006,642810878957.0
170137978815,594940144659.0
170234798510,132375926411.0
170250436209,266930581294.0
170270854205,390744961745.0
170383260301,180336444309.0
170420649307,482823405738.0
170580164316,321821050981.0
170726510812,280800495360.0
170732120140,685393680823.0
170816058306,774726414410.0
170997892309,310493214677.0
171027361907,125408673175.0
171176495905,551159578520.0
171300917808,461126825441.0
171304674217,876615642608.0
171333903208,510204384436.0
171547025213,997662711433.0
171632808006,975868481313.0
171689619700,688192361710.0
171767455509,796791604120.0
171780622702,252025300486.0
171782771414,837797686853.0
171825195902,416908394812.0
171902674403,336569039927.0
171908838304,790661211264.0
171936817418,831072606069.0
172061969501,106036198731.0
172225770610,234191348963.0
172401060201,724471656353.0
172404457409,281619614169.0
172405752300,682633510239.0
172447963702,697652154859.0
172474238609,446312811712.0
172503233903,482397041840.0
172563829119,505127796341.0
172605587211,981979178449.0
172632594516,345899648751.0
172843308012,869744623729.0
172877981417,105736483561.0
172927500106,507284627715.0
172945068005,128210482042.0
172949133600,955268498409.0
172980393411,237328248043.0
173070131801,747715710114.0
173224464615,983953104124.0
173472399005,218741956656.0
173489931600,471125483124.0
173574372011,277211799058.0
173609428801,566950386569.0
173696528112,283662999043.0
173829874701,559428111338.0
174012442713,627317796717.0
174020702505,296880117127.0
174159743313,282698267719.0
174176498302,565500323119.0
174273599150,773279884449.0
174310468417,539003589072.0
174479156104,465390829640.0
174526227418,370264636888.0
174598092300,750657160084.0
174600084180,934539230400.0
174793031105,679598515802.0
174795877013,842178726269.0
175039582515,556713048284.0
175126702801,876615642608.0
175145065407,538352141451.0
175226788109,482823405738.0
175247721501,637687400071.0
175261744915,400160952525.0
175295839008,255150580425.0
175303800814,483476313781.0
175305934615,909754987511.0
175350342316,406170745046.0
175382409107,916637622750.0
175417801714,826901962255.0
175487067407,453008662859.0
175552424408,884005841340.0
175605169716,102853674439.0
175637943612,103539144205.0
175644500113,819503810640.0
175658599700,281619614169.0
175804008505,682465582875.0
175845864701,264088777932.0
175859741712,217681685720.0
175914822105,117202038490.0
175953553207,864989941234.0
176137248419,910875277619.0
176217360100,257902491991.0
176274052018,997292110952.0
176418734109,912726787345.0
176434590514,487888083895.0
176582052315,219435696186.0
176632000907,351638013489.0
176681237409,800218958053.0
176714748714,205261359415.0
176862922013,842013641770.0
176979377107,933359894286.0
177147724800,702899384300.0
177240476417,134817234042.0
177288104106,523803941161.0
177475374719,513512977514.0
177499093105,466319014252.0
177546776602,365029402560.0
177604329202,721386369875.0
177625852710,580547490808.0
177804380110,193509092966.0
177833666605,577854260519.0
178072510610,185836194323.0
178101504419,206064848082.0
178256722414,211785884381.0
178502358413,542961010905.0
178576568707,651018415244.0
178586723180,147595681352.0
178726876401,236307010559.0
178768803907,715415272120.0
178915774118,667321406540.0
178936665405,563893397453.0
179201966611,229519329439.0
179294273704,949131194001.0
179365995707,415470416900.0
179444423207,284221765724.0
179521671302,150877769050.0
179641926904,727470535299.0
179686452419,474040566374.0
179784449509,469395117752.0
179861780309,331217591066.0
179974548170,565177334826.0
180095809917,766606636384.0
180219368903,795362421390.0
180257868918,498576189494.0
180302984050,917615936461.0
180365166912,296270010624.0
180409841100,375377502592.0
180463773413,523803941161.0
180558708719,762099568321.0
180613695606,147658953745.0
180661052408,620979242816.0
180698664705,452485212113.0
180783825414,793272661379.0
180811417519,108397963520.0
180851546114,423743243859.0
180856496615,576994105700.0
181051367810,666051012896.0
181052213509,762608171855.0
181223134519,645622251793.0
181393361115,535397156325.0
181480409217,633841150777.0
181509389613,789867410052.0
181538171303,467566346992.0
181666656117,359187585212.0
181721379170,197876671490.0
181787678907,970413739994.0
181842551408,818702462027.0
181955713050,720819175797.0
181988863410,326152769961.0
182082501601,639615257315.0
182112143101,403770358340.0
182521291101,191962597333.0
182724938802,712445808699.0
182736220404,366927779441.0
182739803911,543117503773.0
182770415301,630107429700.0
182824730819,428742869115.0
182885770111,150833756980.0
183004274613,621987433025.0
183050032708,376588944400.0
183159351208,601440802610.0
183355613709,727746919350.0
183379539210,712281851526.0
183391146718,613128182106.0
183439791014,960674243357.0
183618819504,619673390607.0
183644316913,379288159497.0
183685514818,131864101928.0
183745843180,110774820109.0
183786577110,575658744466.0
183822404919,626650800554.0
183883661715,332874785820.0
183894755815,236563514539.0
183910826508,128210482042.0
183993181817,267634452826.0
184024951909,136514175036.0
184104571114,413600252167.0
184291542309,421113542053.0
184403121116,629791882697.0
184514843814,727746919350.0
184542557716,229900564127.0
184582669313,403803508193.0
184635021403,622541482916.0
184638920150,989287606601.0
184689315700,241382338482.0
184705160000,985893215240.0
184739882519,344625033128.0
184815548802,155509060871.0
184950473603,169052685035.0
184967631715,561934508086.0
185059803808,519373746531.0
185109192040,869783452100.0
185356911915,625956140335.0
185502642090,677280355560.0
185619235618,125111652829.0
185650892309,953145608562.0
185668927516,438583926376.0
185671155007,792042917051.0
185819792809,571980307930.0
185980638817,465376630157.0
186522841612,235274687122.0
186535755813,300820451126.0
186569136909,292023248645.0
186606099802,622541482916.0
186631293206,487888083895.0
186742156100,637467916719.0
186918027705,128355112335.0
187059833215,795353979910.0
187186903605,992994812612.0
187229305160,382981147007.0
187353842105,619623932865.0
187450233702,481512373151.0
187499219101,617486560884.0
187532822018,374505616495.0
187537067316,879641348178.0
187681303217,987054238430.0
187731262704,220334512519.0
187819357910,692486221280.0
187954271402,782610251238.0
187993598316,743259455729.0
188226477007,471125483124.0
188344309004,529020575630.0
188427786300,693745110100.0
188476082710,465376630157.0
188530596713,441390486279.0
188560045716,877516947520.0
188573238700,544028498646.0
188730319802,276975331145.0
188768002708,881559318595.0
188773482110,103317127411.0
188996259119,443647627970.0
189062013716,643632459200.0
189213925017,426090350017.0
189329276615,584775813072.0
189358242918,206064848082.0
189420166212,679598515802.0
189440208218,816410658278.0
189466127305,553280589959.0
189642558301,516324696947.0
189766076019,103317127411.0
189802723812,559630420189.0
189826381105,627769447837.0
189856417911,320395157695.0
189875551016,860731703280.0
189908581402,716436621518.0
190080366709,288067492828.0
190115659104,740961974413.0
190248365104,452030136773.0
190396967411,730721478912.0
190445798910,425931243115.0
190480459219,584286874371.0
190490606118,757880286381.0
190537446201,197876671490.0
190557432000,956544569779.0
190630186401,357662969360.0
190778813511,956826958410.0
191104853308,539129945400.0
191177721011,411119951468.0
191298113618,910471171037.0
191321472207,407989853089.0
191349154719,207727457555.0
191470867208,637467916719.0
191655279803,951587392070.0
191790110515,539003589072.0
192022039717,367644469808.0
192022577116,246921620720.0
192118111815,740961974413.0
192381480919,251836650766.0
192450029518,448485461542.0
192467554600,222192100900.0
192639489218,884005841340.0
192929010509,101502447235.0
193014625611,220334512519.0
193027780919,610608087276.0
193038245714,425007206914.0
193097879000,421113542053.0
193197691214,119691469349.0
193239655310,686694562690.0
193251547814,880453226182.0
193340042719,365286095284.0
193478237200,551159578520.0
193528244704,871225562510.0
193741413804,306579962634.0
193771176070,447509879937.0
194048389507,925595477418.0
194057974218,240201331205.0
194170863505,961905640208.0
194190542615,511458337101.0
194197006150,970426885002.0
194431193218,474040566374.0
194604173500,466018351154.0
194606127506,915627209428.0
194740078713,492502018353.0
194961326315,573725202050.0
194993435812,162213485541.0
195098342180,818702462027.0
195316143500,482397041840.0
195453161200,970413739994.0
195519186308,431254611603.0
195553629609,625300901663.0
195571324618,422372772090.0
195593250719,560030126266.0
195862851907,427699899903.0
196002506017,257202437362.0
196040231902,641528871038.0
196187240800,676509290707.0
196214034914,740214521557.0
196375082606,572658769690.0
196517516000,967848042800.0
196533674105,688192361710.0
196575456606,933359894286.0
196916736900,382042337021.0
196922589304,227357346224.0
197014359704,255073254773.0
197166463604,544465704983.0
197225240204,245858427185.0
197274265915,935054825740.0
197293472514,325449051173.0
197537041602,894717352633.0
197801406413,465390829640.0
197880285209,575246691819.0
198578417205,573514419218.0
198675850712,347745483760.0
198762280701,377785391546.0
198796622305,832577032496.0
198816442718,469856027449.0
198867314303,517098604163.0
198936348903,128287563098.0
199022789114,642134834655.0
199037438000,202971080983.0
199055837012,832577414020.0
199081376403,483476313781.0
199142696913,498576189494.0
199255117000,837895141759.0
199263325040,866541785450.0
199377772030,858818874364.0
199378261110,826523640781.0
199446215518,565177334826.0
199448809080,837504821833.0
199475666016,999104288588.0
199482306012,791073387888.0
199645890007,298857950638.0
199664862114,732998959112.0
199835776800,128210482042.0
199892078005,630400972747.0
199898627912,569007420250.0
199916051600,668115958896.0
200232828504,976752038989.0
200298251513,890200738607.0
200327495312,192051771567.0
200330325705,790101315365.0
200367914001,278990272281.0
200469279000,766627766512.0
200493448120,109357293392.0
200494764115,471482163768.0
200586364615,177042430200.0
200608277216,996996863740.0
200662222812,265656162391.0
200683477110,426090350017.0
200699589608,181355856651.0
200707681113,803607447245.0
200736000213,134520895469.0
200774906706,968637322375.0
200814590502,797045594084.0
200951889805,608663962899.0
200955348707,837504821833.0
201015430600,281959528392.0
201221408306,626430250300.0
201305577702,345899648751.0
201391417090,884529214090.0
201460757207,247358526824.0
201514601403,951164713938.0
201577915718,730217330795.0
201788217001,807241154023.0
201877505409,970255430383.0
202042130611,868654257341.0
202065575707,218741956656.0
202165119105,832788478530.0
202186769909,840149392066.0
202268849612,483766241772.0
202446515619,102398437502.0
202470832150,946217443521.0
202587002618,281906827782.0
202666306107,772999820580.0
202666562704,535599687003.0
202695783700,305912395518.0
202724469209,427699899903.0
202917388615,111829939005.0
202934722108,479529526267.0
202960304080,800926947173.0
203190450418,636321331695.0
203237423204,310242999651.0
203290488107,790101315365.0
203322717910,981765484506.0
203343461904,776783468157.0
203380906140,652814694050.0
203441918019,152526597279.0
203450773101,703688013950.0
203487298819,630459597919.0
203502379410,168554207668.0
203536185205,535599687003.0
203563050500,122703091513.0
203699561605,832816222779.0
203726602408,793444342145.0
203746293708,449692042560.0
203759819511,388700950635.0
203849403709,456615300420.0
203933117010,270966746394.0
203962398000,187554387173.0
203972118510,943216022128.0
203994136109,681718415279.0
204022946313,510204384436.0
204124750812,853850168736.0
204170223901,376812551945.0
204211273402,733094775081.0
204249395012,844477942656.0
204280188602,932300131241.0
204291844800,368830544069.0
204319862016,222371425290.0
204501059104,287716678224.0
204756916609,196967824605.0
204809729715,134412453357.0
204818631504,765458166150.0
204854740010,924825355008.0
204894378902,415583557390.0
204895270405,789605604329.0
204953585706,923044369354.0
205142445614,513499612018.0
205192610601,180116238246.0
205224275507,790661211264.0
205319737301,590125606326.0
205335545018,545542082108.0
205429353509,196754634177.0
205507419200,986924941057.0
205563334617,666049351720.0
205675444518,391599005354.0
205744745040,802692269332.0
205760909303,886487779278.0
205790850170,234191348963.0
205815168918,547989468370.0
205834543140,671506236232.0
205857146050,330682173291.0
205919620010,365029402560.0
205953916001,636321331695.0
206026793400,226597947729.0
206220541610,771321067649.0
206450677600,204802270581.0
206469874904,368830544069.0
206530375911,240584021465.0
206599669108,911426120637.0
206624576011,582822283274.0
206671542111,462374703110.0
206759019819,367644469808.0
206933306413,306796326021.0
206969181218,678350864785.0
207313208903,962618607291.0
207350470190,565500323119.0
207404474102,917630094602.0
207476815204,925973972450.0
207503450020,570646931023.0
207831836300,997688190633.0
207855058316,821884679536.0
207856378708,247223296933.0
207901687401,276975331145.0
207989660405,877922108082.0
208023804906,396508688860.0
208563726401,425693804207.0
208674916901,697652154859.0
208726538718,755029707491.0
208796250708,626430250300.0
208967216614,960674243357.0
209089093211,240716362594.0
209184382517,843993930627.0
209203726901,510370401853.0
209258157813,686694562690.0
209357559311,915627209428.0
209519520616,748385534873.0
209590159815,890200738607.0
209661931600,606279904557.0
209715840616,356003559972.0
209961601204,211651041661.0
209988719819,145707840661.0
210038516419,585421590272.0
210080193414,778816873772.0
210238908416,267590407483.0
210291248601,482823405738.0
210428719718,939437109289.0
210481881702,420114492139.0
210642259803,996326998494.0
210716832115,665848316391.0
210829202103,444202365030.0
210880626510,133189836236.0
211086762203,522274417175.0
211223077714,732291984090.0
211227388101,684086970999.0
211284641706,582723069715.0
211367739007,625300901663.0
211417611212,305627012174.0
211459121707,306976607111.0
211508219003,956801981716.0
211565902040,453400622683.0
211594111501,911426120637.0
211661253407,931652149395.0
211693856406,101559921902.0
211707151160,808167480066.0
211787977004,323013047228.0
211844308206,715415272120.0
211921322715,232646684943.0
212173709130,804641406000.0
212386239417,987054238430.0
212445177019,209548028761.0
212532402510,767861761746.0
212552711718,563059587350.0
212628596514,147658953745.0
212674567508,925595477418.0
212704643411,678766933203.0
212960782618,893918665095.0
212967724211,868461294982.0
213016697317,625300901663.0
213099435080,655112896655.0
213169580308,629125728167.0
213176061000,867643972193.0
213327885019,223523583250.0
213347686100,558551918580.0
213489524017,351638013489.0
213500289005,421113542053.0
213540717616,161245845297.0
213886956601,491817588961.0
214051490910,629705005398.0
214054086604,884769074746.0
214082211714,803110085078.0
214287877090,255910600612.0
214487180908,838522250083.0
214640333205,321821050981.0
214706829509,421836002390.0
214757291318,273660327245.0
214843056212,579337008998.0
214884107105,696776404227.0
214982112050,219435696186.0
215083637307,891286983719.0
215127775410,467566346992.0
215181686501,600091519028.0
215200169106,578001261836.0
215443800018,782610251238.0
215590023718,667321406540.0
215591061050,727906518215.0
215592302508,211148260377.0
215626594707,826901962255.0
215708755315,678397441848.0
215714270801,675145679711.0
215719393503,860185877611.0
215731328513,321633825090.0
215829835913,886242399835.0
215871344719,104335532596.0
215913600113,129793999262.0
216055076801,488187841204.0
216140605104,727086199307.0
216231241715,760547583171.0
216267135120,483198159217.0
216291496315,582827107250.0
216352663103,115147367863.0
216435535003,300820451126.0
216698436002,847938339758.0
216769921090,565978291649.0
216843183209,697652154859.0
216854107311,426090350017.0
216866534515,272919422864.0
216931183000,647845993507.0
217022623314,579288715404.0
217116020404,382319141926.0
217302094700,134525180158.0
217415705611,354782656172.0
217509552713,943216022128.0
217515504102,401524335716.0
217586394000,404773926677.0
217737103802,191460599703.0
217805447119,727652133138.0
217896730507,505508123434.0
218006921115,173968093531.0
218022761110,310485097973.0
218087668603,443554097100.0
218141549914,492502018353.0
218302613717,496233560135.0
218332169150,809941217565.0
218515075519,339822568996.0
218516990109,273608054690.0
218535661319,488187841204.0
218665659811,712752047073.0
218742491913,621543732578.0
218838370110,247160478364.0
218997178100,651076418482.0
219092320112,574035000820.0
219135599203,900813191563.0
219245493140,884006876365.0
219350794180,707055000245.0
219541323117,182188703800.0
219544275911,886591177551.0
219576353716,296350509463.0
219638667713,108397963520.0
219861629915,226597947729.0
219887693040,104335532596.0
219983082818,518382414521.0
220127927905,734765121660.0
220133321718,257902491991.0
220349456608,559755652566.0
220366429030,849369479734.0
220377981310,646945911682.0
220411716409,745183418346.0
220435522901,958005755089.0
220633266018,230428605922.0
220771929513,448258896637.0
220846559316,708381366518.0
220930985105,869969857807.0
220934057417,851826962373.0
220951996409,101563653512.0
221019002030,910875277619.0
221172319118,284612136960.0
221269482150,636728050655.0
221312334110,766554626874.0
221338806100,788527575500.0
221389129811,562151145510.0
221453313110,150801800340.0
221505093911,359343403801.0
221508250405,481785153233.0
221621402318,555293831802.0
221650695403,732104739680.0
221673450409,727652133138.0
221713265313,938165576989.0
221716914716,978017262177.0
221773058917,299366425687.0
221830118206,839284226998.0
221860865012,886487779278.0
222447974612,916565754207.0
222494053719,600091519028.0
222536469412,990341776106.0
222648252916,101395696458.0
222781368914,383184354827.0
222801237808,762619564708.0
223043250402,151567155241.0
223134407120,981497446971.0
223214825808,871106357750.0
223272803708,481327715012.0
223396125608,539129945400.0
223469612713,412061962934.0
223493604901,694058811510.0
223527528017,665848316391.0
223854876903,141709355346.0
223954996508,671889073430.0
224017960305,522637179698.0
224025617808,331903161738.0
224194656610,497537812310.0
224208411010,689656135540.0
224258160909,716436621518.0
224265985519,796270433976.0
224323857217,350906111991.0
224343494409,852001413727.0
224451227816,405764140161.0
224495009815,370831751793.0
224503617015,714653016659.0
224571561612,625697329459.0
224617240106,987054238430.0
224693040601,617486560884.0
224809061913,813197811378.0
224925495713,747599120754.0
224938741707,988884949733.0
225127956603,457765057674.0
225492821103,699542607016.0
225503394409,731343311790.0
225772303902,170934793800.0
225789400603,427699899903.0
225810815506,810075681480.0
225818758607,313270777536.0
226010497314,767477544326.0
226121096106,815772549569.0
226223992106,576736430075.0
226334597316,496880767068.0
226444463211,100995600755.0
226473753300,558844976270.0
226618995104,138957254200.0
226699263204,100995600755.0
226827990500,819150795248.0
227087488801,717065165845.0
227103876913,919569099637.0
227114024215,772212223259.0
227166914618,497910801860.0
227288118708,500647653382.0
227471634001,934539230400.0
227527036701,352598911990.0
227548056406,736074393075.0
227646694909,663717092434.0
227658154410,101785193126.0
227658314502,788527575500.0
227666994408,495912918608.0
227735325207,976406890863.0
227863043318,762099568321.0
227922567414,818208655454.0
227966671011,152090789600.0
227997213103,617486560884.0
228260421015,596913615318.0
228268949015,300820451126.0
228337457913,773795458349.0
228373653811,247223296933.0
228405700700,658913680566.0
228507741070,317591962114.0
228516803817,377359117058.0
228549688040,969266793692.0
228645378050,133331307000.0
228685168712,262676561182.0
228736643710,564564336097.0
228793748109,511135105750.0
228976169914,466851332928.0
229140068801,133331307000.0
229176842913,957665146586.0
229225784302,903784295803.0
229267506904,767262027955.0
229588875000,447104839575.0
229620508000,931652149395.0
229697424617,621987433025.0
229800560010,539206272204.0
229889760140,284138846910.0
229893246011,623671869800.0
230029720518,342246526437.0
230183495915,766554626874.0
230242558110,381772856026.0
230321828016,918450477017.0
230383303609,568660141302.0
230403029400,892770721966.0
230735738714,374988930244.0
230739801311,962008075355.0
230937021113,844119722055.0
231056885117,627769447837.0
231113291819,282897339267.0
231201348610,382319141926.0
231217071910,587708069843.0
231347510140,684044151585.0
231397233216,331903161738.0
231404408312,377850652789.0
231741549613,216039051721.0
231789841608,948699195656.0
231810992008,349961625785.0
231869302811,128484364213.0
231957337616,276302293052.0
231957398120,789867410052.0
232227297218,132375926411.0
232303009018,232833506172.0
232333101030,941982949010.0
232345903608,518274541193.0
232349300000,453008662859.0
232466456610,291847206217.0
232467032413,370831751793.0
232624771803,487888083895.0
232786704415,891286983719.0
232951611902,408143207238.0
233014960214,174739685413.0
233071828614,933359894286.0
233096081117,748385534873.0
233145971512,347293140776.0
233170407016,104232960812.0
233192261914,970413739994.0
233356832800,682707906365.0
233545887310,827483003796.0
233558293409,412366915718.0
233563432615,111910874923.0
233582878107,156730496684.0
233588618000,444943113751.0
233809308112,717141133881.0
233863787603,830166957189.0
233915494808,860884762520.0
233942769314,216120791827.0
234097371008,713869520934.0
234099167708,548624897181.0
234321784203,858731253037.0
234344735818,892443286853.0
234403348719,341768194892.0
234770856090,407804157399.0
234810821217,438583926376.0
234852217503,812599158246.0
234916636110,425931243115.0
234950499313,773638355387.0
235145876715,685393680823.0
235231210904,154620856797.0
235303868819,140890672615.0
235322415702,688276188400.0
235354655019,191962597333.0
235357311201,616565505743.0
235365143312,461130053831.0
235439505305,424914879710.0
235655451207,311954169083.0
235785969002,937643398470.0
235922342012,205276352981.0
235960788905,335958487187.0
235991874403,120816191551.0
235996084612,111910874923.0
236105560916,912428060012.0
236114514813,360365800913.0
236207361615,889461606062.0
236242259614,375377502592.0
236273198217,608663962899.0
236495623418,336082157544.0
236595399180,570646931023.0
236606652905,666049351720.0
236627981015,652056527909.0
236743519400,102595518630.0
236876028412,475395006146.0
237287486301,347549911323.0
237304460717,956436229718.0
237379741716,482924792553.0
237401985906,488187841204.0
237444362516,800218958053.0
237549972003,606279904557.0
237731947608,647845993507.0
237875261514,467566346992.0
237930067918,133331307000.0
237978392503,525180281997.0
238049336209,539003589072.0
238240960708,716793400897.0
238244934507,704968827504.0
238312658513,240584021465.0
238465871090,998571361857.0
238533024319,931652149395.0
238666616307,947378045557.0
238800946014,636669438942.0
238912395008,918921477812.0
238931708806,767262027955.0
239011328107,927584157854.0
239037034619,477206724192.0
239037428801,989691708138.0
239072744601,111927613889.0
239110335419,582822283274.0
239439721506,571497959934.0
239694712001,791749648788.0
239719837006,417535845136.0
239754158407,712401025841.0
239783100915,801686597900.0
239854550004,330491351707.0
239910232502,326861407923.0
239951929512,412061962934.0
240127276060,103539144205.0
240181377719,540983807470.0
240353003016,478619453795.0
240473169807,880453226182.0
240490245306,736074393075.0
240494184514,936481886589.0
240980999806,832643535588.0
240988863802,789676534260.0
241014314605,860297325937.0
241030858005,818702462027.0
241087123030,857888701621.0
241576891503,566271473127.0
241706210905,842178726269.0
241736202140,100370651480.0
241793747004,958833210897.0
242004475814,793349862460.0
242159370110,967848042800.0
242217169708,464816184279.0
242348119718,906300791392.0
242371967401,147595681352.0
242433685312,482460032535.0
242533716604,505127796341.0
242577877601,335442401411.0
242596899309,566271473127.0
242647248412,871983273002.0
242756727402,173675519298.0
242793498105,467063428391.0
242842263414,539962286883.0
242993864609,399092834585.0
243062047090,254298099528.0
243128532403,376052169952.0
243190044416,102075977289.0
243212440403,730080310806.0
243369252006,158971966152.0
243461024710,978017262177.0
243591011202,247901214219.0
243695373090,937643398470.0
243818143617,489248885909.0
244003093406,104335532596.0
244023296040,375377502592.0
244106106414,222192100900.0
244187676017,326665629481.0
244343785050,990280577891.0
244350306190,482397041840.0
244370662812,960265745469.0
244386856210,279739436763.0
244389425819,948699195656.0
244426427802,772003599545.0
244456511503,222558491908.0
244469940809,189436074497.0
244570392418,949131194001.0
244596156307,283612965463.0
244665781912,335958487187.0
244668471419,219694189431.0
244702544504,943166955512.0
244725827912,649910998984.0
244764571812,659443690057.0
244818038512,969739230238.0
244835598600,878883386320.0
244999121404,140890672615.0
245007747810,100370651480.0
245167069904,524075991144.0
245197777180,142132061267.0
245198816090,789134540835.0
245220064800,386471787276.0
245275082180,512124268747.0
245354643004,774405534242.0
245366911818,650715180830.0
245383946914,398623067673.0
245418815419,621987433025.0
245686172913,628047151469.0
245707150200,420178880335.0
245731163408,804641406000.0
245963321904,377162258094.0
246097780400,683798406406.0
246290114612,760547583171.0
246319087908,951340440980.0
246450960712,232646684943.0
246495005218,576030129493.0
246501277310,849802789880.0
246572400711,789867410052.0
246592396007,562542858455.0
246631179904,976406890863.0
246695047117,793916579960.0
246811457112,782610251238.0
246841291910,889906127161.0
246919068919,126585513344.0
246921060715,275045309295.0
247066573503,548624897181.0
247071118319,170934793800.0
247129301000,258928131301.0
247151783000,835376010236.0
247178518002,537955458667.0
247270405118,167682079016.0
247275384619,142132061267.0
247363406114,685393680823.0
247424214705,173817907479.0
247726150817,513271729260.0
247759708411,379288159497.0
247810856207,989123590510.0
247986927119,805902791850.0
247999748613,202971080983.0
248003181309,223132795049.0
248025116609,648618946679.0
248120043516,819150795248.0
248172802040,879641348178.0
248352372309,177885382881.0
248362494809,793444342145.0
248425571808,932300131241.0
248459711009,342246526437.0
248478398104,773313807540.0
248682379615,350906111991.0
248779967813,890843198819.0
248803366518,342823326402.0
248832041619,465376630157.0
248855700507,780290183470.0
248957572509,813578863705.0
249005010714,843731344590.0
249030123611,851104247916.0
249042128104,679598515802.0
249066780202,554059784746.0
249130574913,716436621518.0
249188519010,353917390505.0
249204580812,762099568321.0
249502175709,504464313442.0
249538428100,715415272120.0
249616830801,894966720600.0
249674203012,471749637486.0
249699583812,987015453294.0
249790860004,822047226874.0
249868394406,100680487454.0
249895095218,171252875559.0
249985949203,564243896864.0
250056191915,230834082759.0
250059090216,688192361710.0
250139740400,578486386000.0
250145416301,561019356087.0
250256853503,806429279020.0
250259251217,508393327703.0
250336003616,616565505743.0
250538631717,554084936961.0
250662324308,774405534242.0
250729128903,443799415223.0
250963452219,916637622750.0
251141528219,518849409173.0
251145319610,142132061267.0
251207023417,539003589072.0
251306542302,156769674980.0
251429273512,774202455446.0
251439535000,156465442746.0
251485288104,220114967848.0
251541187816,311214200926.0
251615324714,425693804207.0
251615888503,356701656384.0
251646101050,232646684943.0
251904850404,831112509809.0
251948417019,767262027955.0
251985702814,714680684287.0
251986558004,275561067480.0
252016172615,865919598360.0
252024499809,571497959934.0
252046321913,648618946679.0
252058771003,348119587602.0
252129643030,122770128726.0
252176229208,452878528354.0
252389315304,472640949750.0
252395981306,154620856797.0
252436271702,353705198348.0
252482253411,444943113751.0
252484953317,725460629640.0
252601474317,134140431750.0
252691162516,987749749230.0
252713187015,934144689713.0
252766497019,572658769690.0
252876609519,925973972450.0
253187735408,594940144659.0
253193922519,303343926896.0
253247492413,116878917990.0
253352597818,384802647054.0
253416295908,154620856797.0
253424044717,762608171855.0
253495227806,468508189267.0
253551540007,517098604163.0
253610138805,736074393075.0
253838268302,421156421190.0
253924029303,539206272204.0
254065163207,326152769961.0
254209350400,244887574431.0
254262710808,910000655414.0
254340371702,765224301959.0
254545988002,349967801250.0
254558476502,402527921787.0
254564692070,804641406000.0
254594707011,192353625450.0
254926331500,686869711440.0
255091685410,402716734944.0
255132263411,268888555037.0
255235502912,240584021465.0
255294206519,265656162391.0
255320809400,384287738934.0
255353415000,910471171037.0
255389411700,441776164085.0
255429596213,846440239782.0
255836102507,133331307000.0
255900577600,106034375474.0
256004867600,366306075980.0
256079920419,421113542053.0
256085784918,714680684287.0
256190066203,205372715065.0
256201415900,881345088267.0
256250725190,652056527909.0
256280057016,407009999209.0
256299451013,704316506216.0
256308313919,740214521557.0
256316476109,639394137453.0
256508289119,210990262934.0
256529239407,685409596316.0
256852554010,775080235583.0
256912709501,947180424190.0
256922152118,108397963520.0
257102974714,722781520760.0
257105976401,955709793467.0
257122549619,610085691013.0
257216198600,497910801860.0
257303840619,286981455215.0
257315534030,336569039927.0
257511567610,970020482623.0
257524903906,680336124402.0
257605593311,354323046158.0
257646292509,951164713938.0
257669387080,789867410052.0
257712195130,154620856797.0
257780067910,431254611603.0
257840868605,222192100900.0
257847036180,732291984090.0
257950313801,805550801418.0
257968597211,800218958053.0
258136403811,551001429299.0
258210278802,387723012574.0
258402358417,956028394671.0
258409445140,526910797370.0
258627350809,356003559972.0
258658650801,805550801418.0
258758028000,411119951468.0
258774631815,885967524639.0
258800035712,482823405738.0
258834807602,556246343675.0
258865914903,831374290211.0
258947426619,475395006146.0
258990427005,430742896955.0
259032434103,601978395850.0
259187353611,307165830084.0
259251318016,462240084840.0
259419322604,488126315747.0
259441464104,790661211264.0
259574347417,661508798586.0
259593379306,252025300486.0
259759405910,282101591580.0
260014247918,257202437362.0
260059866306,472640949750.0
260085470407,174946310822.0
260223775714,356003559972.0
260248863818,827483003796.0
260288180512,469856027449.0
260552567812,566950386569.0
260682778605,721306307817.0
260769922907,762608171855.0
261066802211,103539144205.0
261068038205,255910600612.0
261143372110,625300901663.0
261265102510,713592108316.0
261268305400,533176453928.0
261389894712,219353313647.0
261468622814,425693804207.0
261511428700,100627664390.0
261520109119,618542440960.0
261885574112,477206724192.0
261888428214,235440924456.0
262010921400,374505616495.0
262054424612,727086199307.0
262108235315,518382414521.0
262226540303,819150795248.0
262306129819,514763353630.0
262331512513,574276108586.0
262347956800,448258896637.0
262380351803,873552761047.0
262482553304,282897339267.0
262533253020,720053963465.0
262564904519,823556294608.0
262680532010,957625022374.0
262897997119,930578041397.0
262940010003,907997599560.0
263074593413,125229281120.0
263121063608,181713516307.0
263134908080,417504718357.0
263151575016,886681609970.0
263319830104,869744623729.0
263336115111,914751286758.0
263521577610,955164862722.0
263586717209,585421590272.0
263587934040,583107758421.0
263722147807,247223296933.0
263739193105,128355112335.0
263820597014,672109977420.0
263950050606,626430250300.0
264061573610,320859887531.0
264073342213,499802581718.0
264138012116,666049351720.0
264238851150,100995600755.0
264377863706,927360314337.0
264459812000,683381189529.0
264466020040,200575739888.0
264545601511,899890917222.0
264651413019,409336899058.0
264672032012,629791882697.0
264679380611,951914899826.0
264698098807,363753562149.0
264704858215,472817520807.0
264775380201,937419893260.0
264830570008,806235526219.0
264907060317,577548003968.0
264999851402,379029503250.0
265211285919,483544936853.0
265225565711,892443286853.0
265366066907,468508189267.0
265372575415,846335307403.0
265387857105,724471656353.0
265396992006,269328211560.0
265486222218,111417130720.0
265587947406,985893215240.0
265601074115,857868033555.0
265679203513,441776164085.0
265682135806,234191348963.0
265696577002,897227055200.0
265714448900,211651041661.0
265793170070,858770549203.0
265899853114,796791604120.0
265911265107,890200738607.0
265959835318,183545440511.0
266005319318,488890646184.0
266122560300,220114967848.0
266185511119,846335307403.0
266198704915,991559699518.0
266258915008,591056385033.0
266274261515,374474268410.0
266299612090,970020482623.0
266315749409,426642430939.0
266432019414,953280067400.0
266468832503,976406890863.0
266477970813,886487779278.0
266665794805,779365792577.0
266703744403,356882519200.0
266778205703,281908696252.0
266868406090,320024883397.0
266879154416,433576359597.0
267068993808,836305843534.0
267098210203,402507495806.0
267190148007,287032226330.0
267268718005,308851566563.0
267271919117,240328430994.0
267312199304,425693804207.0
267322765001,695716863692.0
267471679405,303343926896.0
267533676900,625300901663.0
267683455503,745794331700.0
267756149407,145707840661.0
267796629314,219694189431.0
268022425010,271936096806.0
268089981600,722773670059.0
268094130200,615464469981.0
268155573119,793940507816.0
268231637312,335399835614.0
268260466716,679598515802.0
268404343613,970885659700.0
268528146205,688192361710.0
268707103809,730340479104.0
268715330808,264122898609.0
268726945905,852146532843.0
268837098811,551711647814.0
269062777609,454954316721.0
269430620301,524202979686.0
269431493604,252025300486.0
269495000219,261031391666.0
269512819210,297381832960.0
269576271190,862574059583.0
269587642115,519613837434.0
269698559809,196967824605.0
269804146801,488187841204.0
269854673813,894717352633.0
269865373404,496568977408.0
270030210800,146014134584.0
270179903817,975868481313.0
270229079704,306452827798.0
270319117130,219435696186.0
270412441401,455518908109.0
270440013608,129793999262.0
270469991712,173710676890.0
270518533801,644461184360.0
270801937604,870992847587.0
270856545707,899627759918.0
270884334800,817310419677.0
270985708102,271936096806.0
271020704001,356003559972.0
271174627615,847663392152.0
271294439302,246921620720.0
271306539604,469395117752.0
271316526010,310485097973.0
271398692411,832816222779.0
271533596190,347293140776.0
271585266402,343621033126.0
271641283512,440282987976.0
271656748618,316066381004.0
271912861180,370831751793.0
271931232803,951836885309.0
271947161900,827483003796.0
272036079216,488882216559.0
272133496404,529765881502.0
272150146103,551870185700.0
272237123408,431069736513.0
272402314205,603572680280.0
272423028301,702899384300.0
272615819814,432545687923.0
272655058018,511081344627.0
272668541014,957876165252.0
272740187409,693072844129.0
272782277603,152090789600.0
272797153006,934539230400.0
272812168310,265654407425.0
272852671100,657548812746.0
272983872312,804641406000.0
273020589413,617486560884.0
273042878704,354188508686.0
273092465701,194813640026.0
273212873216,541369341750.0
273262535912,376812551945.0
273501927211,244987291708.0
273691446308,330468723900.0
273752712102,852281800581.0
273784257315,677663545093.0
273952738104,446312811712.0
274009156040,531171939025.0
274062131609,219035351732.0
274178625814,673712261640.0
274309301118,319328451706.0
274361081919,532166438139.0
274547512717,376812551945.0
274555861014,244713621878.0
274562018311,810571203006.0
274853749202,719155683645.0
274881315712,886242399835.0
275032052902,654062474593.0
275113248116,713477415082.0
275259476916,591056385033.0
275564480113,865638526335.0
275821077412,341176140029.0
276002463800,825144558878.0
276021143815,137791749281.0
276124142213,624663781874.0
276669452916,141642679596.0
276725494513,444202365030.0
276750644803,500647653382.0
276876142115,412061962934.0
277006405317,847713788735.0
277237749506,106341168477.0
277275202311,387046769071.0
277288805010,732352124933.0
277371009616,461558562930.0
277569758030,493913305943.0
277578207305,819585791796.0
277591858915,264088777932.0
277724590808,628443359987.0
277731123106,680336124402.0
277790943514,753330569347.0
277939249113,390744961745.0
277949038716,848439498604.0
277964171806,211148260377.0
277972809412,160166143708.0
277991151509,697652154859.0
278142607501,939437109289.0
278275422314,505127796341.0
278309689007,101526141084.0
278327647180,550964081146.0
278447292011,805831335475.0
278539160110,987474566940.0
278658187715,145707840661.0
278932706810,846440239782.0
279087443017,539129945400.0
279325546104,865638526335.0
279356680500,218145185534.0
279367177700,332328206377.0
279445028060,806851424850.0
279485110513,917154959110.0
279580366919,339822568996.0
279606928414,933375872368.0
279631721090,509804295942.0
279694585117,498326322368.0
279718907916,769789729926.0
279723576305,103967396294.0
279744994011,482375767671.0
279897498908,560307193210.0
279914109518,980045284845.0
280131630000,675448086627.0
280260483110,884005841340.0
280348208160,629705005398.0
280494100719,359355814997.0
280567837012,679598515802.0
280913177809,857888701621.0
280976413403,488882216559.0
280983456408,545399604353.0
280987184103,180106353270.0
281243340807,427699899903.0
281344649111,263311312842.0
281459460406,774405534242.0
282142368812,441776164085.0
282236985706,484859979758.0
282252401807,764496112554.0
282255262414,149125077195.0
282275846116,740214521557.0
282343755403,339822568996.0
282372182316,651076418482.0
282392679219,843341047383.0
282538585810,860046384910.0
282598857800,270966746394.0
282605952512,774202199846.0
282613139006,976406890863.0
282663743516,357604450500.0
283022664710,420178880335.0
283053042403,810075681480.0
283367377303,790661211264.0
283442416318,561934508086.0
283587883180,619228728136.0
283654308700,629791882697.0
283692076315,936325347962.0
283818748900,935226734538.0
283867317918,713477415082.0
283869238019,140434486557.0
283927770007,610085691013.0
283993442416,201201671705.0
284002629202,347293140776.0
284035558908,806429279020.0
284059019907,672323526654.0
284125241190,667772748466.0
284135868005,443647627970.0
284175242916,211651041661.0
284222593110,369343695568.0
284375375002,789867410052.0
284410220509,692686425729.0
284637276416,791073387888.0
284664342090,958321809211.0
284746805140,570381677577.0
285051357919,765224301959.0
285069209513,716231147722.0
285274475309,391599005354.0
285312238090,869215824355.0
285370251204,967697287670.0
285383309715,559428111338.0
285445940507,944961889596.0
285463503415,127745328232.0
285469091200,726591267208.0
285513209216,514694528836.0
285557003302,474907418435.0
285685888319,151996493688.0
285745995708,892770721966.0
285795746311,688192361710.0
285822986518,379073660120.0
285844425501,729352451324.0
286047570911,303001786321.0
286258795508,727086199307.0
286284257208,805376733456.0
286407522708,551711647814.0
286433161414,819150795248.0
286437808001,381643630283.0
286472800000,639615257315.0
286833334719,557473299749.0
286867777513,886242399835.0
287041040305,620979242816.0
287063406160,996491533305.0
287121855206,496233560135.0
287137593307,321633825090.0
287177839812,462587317002.0
287202358805,364555592181.0
287247134316,997662711433.0
287365470702,716436621518.0
287413205617,733047056919.0
287519552140,448258896637.0
287553742813,703572148893.0
287610116402,606279904557.0
287706105717,317077150222.0
287753280304,833077967517.0
287774191115,970255430383.0
287775148619,629791882697.0
287776820805,880887116130.0
287804445505,630400972747.0
287850638807,101563653512.0
287950130600,539003589072.0
288014147200,576994105700.0
288123133315,591283087644.0
288133447210,475395006146.0
288231794609,519584419137.0
288325234115,461126825441.0
288385065300,280892580580.0
288478989711,321821050981.0
288547536214,745183418346.0
288627782205,636321331695.0
288700415902,632078346075.0
288709563150,283612965463.0
288781343216,354483701656.0
288814979716,361985176148.0
288844716105,970413739994.0
288892638160,539129945400.0
288914867716,544028498646.0
289069429304,686427422864.0
289112979705,492502018353.0
289118968911,925098578162.0
289366149004,220461474506.0
289376951318,598928978798.0
289436681710,637467916719.0
289584227905,299859778020.0
289619738016,644946521203.0
289742620000,454460390909.0
289909107011,626430250300.0
289949378602,558300061869.0
289980851307,397081534961.0
290008422216,544788686130.0
290039210070,291937658467.0
290222903600,269478368778.0
290433746016,999019978361.0
290443829813,396454627238.0
290653909401,373953921670.0
290748516606,173817907479.0
290763668102,457284930631.0
290895236513,773638355387.0
290906493115,411119951468.0
291088242107,583107758421.0
291102112410,434313163800.0
291205036015,369455075967.0
291260169118,684044151585.0
291294804007,566354734208.0
291355222716,978017262177.0
291383152716,755224147579.0
291409606601,789867410052.0
291510143407,887687543660.0
291784881407,922758464762.0
291846139815,132362227590.0
292000721611,245763983727.0
292015782514,832643535588.0
292158429917,760988049505.0
292290214709,955268498409.0
292351327607,863931282170.0
292351628605,893286402448.0
292609361006,764848680706.0
292785345003,339202850466.0
292790712918,600091519028.0
293075513405,805376733456.0
293309111712,618542440960.0
293326695216,516374294545.0
293330516614,904442276808.0
293429716606,482760422329.0
293791506401,792042917051.0
293796600318,303137058377.0
293860910117,644461184360.0
293988620312,303343926896.0
294055667003,306796326021.0
294069269904,440994126470.0
294168218200,767861761746.0
294214587311,101174402474.0
294374338803,591056385033.0
294596261417,465376630157.0
294612201501,812599158246.0
294645700700,218145185534.0
294680266216,729352451324.0
294722599714,524563312953.0
294785122501,695160947762.0
294926035116,282897339267.0
294985540505,587341210336.0
295052636160,271936096806.0
295172163907,517987713838.0
295257707009,243627017883.0
295456459301,136514175036.0
295494726618,444202365030.0
295533567419,292747029679.0
295582256915,186261612944.0
295588407118,867433184497.0
295675129703,175606805117.0
295761458614,554787782090.0
295789858905,306796326021.0
295820496510,550586881300.0
295820689908,185940878032.0
295840004502,558603371764.0
295972600311,184568807536.0
295994678507,180336444309.0
296101234308,936325347962.0
296196649905,505127796341.0
296239093908,877516947520.0
296284015207,220461474506.0
296318474110,870992847587.0
296393123506,639394137453.0
296410531800,803607447245.0
296547047316,395235160407.0
296618529102,570646931023.0
296684828514,720053963465.0
296704763400,810122270783.0
296740223816,345120997241.0
296870765713,759128333329.0
297042614130,247223296933.0
297060063206,573145600612.0
297362329311,645622251793.0
297382662080,581528503432.0
297461711050,142132061267.0
297824089517,976173118420.0
297939437170,624367544399.0
298057361610,585421590272.0
298204234518,488882216559.0
298280804907,356630384843.0
298677243300,129793999262.0
298880218417,801308846678.0
298970193302,152526597279.0
298994900105,524563312953.0
299235339412,981497446971.0
299357472617,525180281997.0
299371065504,539003589072.0
299470285400,773575714555.0
299517086010,736074393075.0
299521110901,219435696186.0
299545983208,618141630000.0
299556093707,273625416949.0
299569666017,554059784746.0
299598278317,960265745469.0
299725937005,517098604163.0
299747758303,809912132714.0
299760146707,326242302498.0
299761009909,578597721357.0
299775784012,522274417175.0
299831240011,398825819688.0
299849026808,185940878032.0
299936462719,697652154859.0
299965855410,350368661585.0
300007224214,439686817689.0
300066817703,751559736956.0
300078376718,191923451211.0
300080330315,692686425729.0
300159734518,500340929011.0
300202530411,377134783300.0
300221823619,108397963520.0
300261682419,224222468341.0
300269873103,307165830084.0
300291903904,275561067480.0
300406713712,888084065467.0
300565257017,629128965369.0
300569096511,904442276808.0
300826304418,173710676890.0
300873126905,712401025841.0
300913293812,475901522314.0
301151272409,421113542053.0
301153628015,727231075396.0
301214221607,989287606601.0
301251705110,382981147007.0
301478437019,353349389220.0
301479505101,881559318595.0
301545319113,381538151896.0
301610094111,760564644918.0
301745725910,266934150610.0
301812927415,826977765131.0
301952962510,211148260377.0
301994323105,858818874364.0
302000765612,281291617232.0
302010687614,667772748466.0
302087506311,305247929909.0
302122130615,335958487187.0
302334732313,581436963351.0
302347671914,733656259914.0
302408193304,497985779530.0
302416101109,693745110100.0
302604497519,966451769739.0
302796941180,924825355008.0
302857382090,397317536784.0
302897475209,405397917836.0
302912354010,850612288431.0
302935452905,365038273919.0
302938872402,391623737625.0
302960195815,710134806607.0
302966953080,300656870253.0
303234329208,617486560884.0
303459303506,498576189494.0
303477003312,469395117752.0
303494270904,140890672615.0
303568226706,774405534242.0
303629197309,129508979863.0
303670848705,920620276777.0
303785109515,788665707170.0
303820776919,391425352150.0
304071018016,907248537300.0
304077169201,734765121660.0
304111594815,852001413727.0
304335093813,457804526661.0
304360209519,719156396976.0
304372101913,835985729370.0
304495122207,354782656172.0
304724886403,967697287670.0
304725067108,376646416795.0
304756077107,521617215086.0
304789385511,396454627238.0
304845971319,352831324788.0
304999436119,774254810527.0
305057974403,498576189494.0
305106382712,582723069715.0
305144003007,745537834176.0
305173493408,119435314108.0
305300004210,272431346338.0
305384310412,174739685413.0
305426778918,883408069486.0
305584709418,844124878302.0
305700894707,786052459707.0
305730539403,674430162360.0
305837269712,621491787152.0
305918372713,235440924456.0
305966729150,494374256883.0
306072819902,846440239782.0
306116722809,505127796341.0
306122260512,707055000245.0
306150279611,670879894542.0
306266218214,846347274600.0
306335524209,439388065045.0
306345878100,760988049505.0
306484337708,387046769071.0
306745872902,642134834655.0
306855559307,848439498604.0
306920784114,335218801190.0
306989594203,999104288588.0
307040452410,321310932198.0
307099402713,406806154143.0
307143443206,642810878957.0
307237321600,869783452100.0
307252754917,943216022128.0
307668995180,792925544623.0
307792489908,513499612018.0
307821477513,290574370706.0
307889353013,883330434710.0
307911538300,401524335716.0
308030957806,102075977289.0
308033837103,832643535588.0
308130843170,289710847990.0
308286338811,910471171037.0
308298504604,850612288431.0
308302261518,686427422864.0
308317880907,107997459082.0
308327243160,746854440104.0
308410238616,846440239782.0
308499083608,708503636058.0
308573227216,987220038312.0
308899809008,711728317650.0
309036307114,766397427429.0
309037834916,760547583171.0
309101259307,629611912400.0
309257857617,488882216559.0
309322585603,488126315747.0
309462146018,513785408042.0
309478833013,336979845873.0
309561858218,321310932198.0
309716657515,405397917836.0
309793955112,899890917222.0
309936497301,240201331205.0
309980115311,884095339917.0
310033799703,958321809211.0
310190895090,637687400071.0
310337996916,618141630000.0
310501857009,915627209428.0
310557282418,496157799550.0
310681200801,448258896637.0
310816173306,338457446543.0
310820858013,837797686853.0
310856925316,150801800340.0
310905821715,863552602779.0
311041598214,560030126266.0
311054632907,715341950110.0
311107114518,517098604163.0
311278175504,870992847587.0
311509943301,471482163768.0
311602482502,970020482623.0
311674202312,524252967331.0
311752456308,766406698847.0
311840098218,115182444213.0
311848339608,170220892202.0
311865045512,219694189431.0
311955314505,400233202355.0
312109023401,728262086402.0
312208038400,864989941234.0
312227669603,349384257087.0
312366764004,361841748384.0
312465646608,832816222779.0
312500214501,357075464787.0
312531383911,539129945400.0
312701003502,818968231186.0
312724907211,680054876236.0
312765891904,102075977289.0
312781015812,446312811712.0
312824050216,247213538548.0
312905477506,114528828148.0
312937877050,421135981077.0
312983127716,284862495870.0
312991514306,965388443624.0
313002307810,771720791726.0
313087292402,884368327706.0
313124573209,994324986803.0
313149470015,819150795248.0
313202002200,625736811687.0
313400002000,714680684287.0
313494707000,634965488471.0
313504855906,441323967970.0
313518600205,103539144205.0
313579650718,161245845297.0
313791586905,372568030010.0
313800713701,912726787345.0
314026831806,983319323062.0
314165364110,924836713494.0
314362792301,505127796341.0
314399387815,391623737625.0
314706109005,102398437502.0
314832604400,128827584889.0
314862163017,266650951044.0
314864560017,755337816370.0
314957982109,899890917222.0
314979200902,494940212011.0
314993807305,310485097973.0
315086317413,928821138841.0
315154436810,684675526269.0
315161023703,566950386569.0
315226949212,443114352930.0
315267487802,247213538548.0
315286296807,569204090460.0
315373310202,766406698847.0
315399879701,465390829640.0
315423047308,822924243857.0
315595928814,318011300214.0
315616108901,261834989729.0
315662578500,654722184425.0
315791187318,339822568996.0
315839562515,549442469515.0
315851802712,616512937370.0
315877344513,360365800913.0
315925628016,640291701179.0
315964114010,582723069715.0
316011772616,168605927125.0
316021482710,812506860337.0
316031205206,778816873772.0
316044948202,201201671705.0
316154434805,162031991623.0
316215990212,382042337021.0
316373915614,585421590272.0
316438628001,871983273002.0
316506624911,948556844020.0
316552705013,466345238126.0
316749691715,251983260718.0
317084463419,991728055010.0
317140535615,946217443521.0
317525698515,390744961745.0
317527040905,440639940468.0
317549392202,691753942335.0
317661992006,585421590272.0
317704364111,191923451211.0
317762596715,173710676890.0
317795600913,580908795600.0
317800922815,697652154859.0
317805117409,693850335573.0
317859212313,335442401411.0
317923348907,874045119128.0
318003884514,556570552648.0
318095979513,169738507440.0
318099202607,702899384300.0
318104234717,987907968941.0
318151066303,904442276808.0
318232224610,443114352930.0
318373583717,613128182106.0
318373840119,343456043459.0
318404777211,266030225640.0
318515834419,334610230863.0
318606165111,129508979863.0
318615369003,129793999262.0
318800513600,469395117752.0
318879141016,471125483124.0
318881103213,297245819665.0
319126313117,761450410784.0
319186667015,762608171855.0
319375301216,475395006146.0
319409740419,752740182191.0
319453675809,588514433046.0
319463897613,498576189494.0
319466351117,229519329439.0
319498791140,269819010160.0
319507465818,401524335716.0
319759258617,284138846910.0
319784717715,775437849178.0
319859853719,548624897181.0
319879708213,284612136960.0
319955953111,508714734494.0
319963205112,498723973709.0
320153453502,444943113751.0
320177462010,846043077195.0
320278243060,745154485904.0
320296243206,487198233765.0
320308068814,284282786602.0
320341600070,443647627970.0
320371612414,621987433025.0
320527326509,133331307000.0
320588197004,364555592181.0
320702544406,694550688092.0
320722216104,607524800235.0
320734822510,422033983418.0
320850828109,793349862460.0
321034922112,342823326402.0
321069572090,942718742957.0
321085532917,931652149395.0
321129995409,115182444213.0
321179181403,384287738934.0
321210197909,712281851526.0
321238433610,628443359987.0
321602410919,682633510239.0
321604591708,703688013950.0
321650533815,832816222779.0
321698990107,196356687398.0
321724235605,959752782680.0
321747693609,922846241615.0
321785203404,317883281388.0
321863596905,692686425729.0
321958677615,306976607111.0
321978309602,531171939025.0
322029671618,726445957793.0
322107378100,442061969907.0
322184453702,331903161738.0
322231227219,382981147007.0
322246660210,271606323631.0
322303134318,517940519005.0
322332447606,566950386569.0
322340766004,342823326402.0
322385008104,706178563284.0
322492017806,930578041397.0
322546329602,549636449528.0
322570282100,717141133881.0
322626507309,667772748466.0
322632797709,129793999262.0
322808936310,619283292930.0
322916269504,517098604163.0
322990474003,866540828698.0
323014499106,794928927235.0
323054814114,232646684943.0
323067790504,251155209123.0
323135882002,359343403801.0
323229950705,670879894542.0
323237918510,977488418467.0
323317466205,637687400071.0
323366758300,618040609303.0
323382975701,965388443624.0
323557218411,564243896864.0
323618636815,790661211264.0
323657648803,644946521203.0
323775297802,866541785450.0
323858555710,563059587350.0
323873356518,541611768757.0
323905699206,270695716028.0
323938837703,215434469351.0
323960449020,575658744466.0
323997056318,264122898609.0
324072186712,837797686853.0
324092036218,356003559972.0
324166920512,356003559972.0
324326639715,511023985483.0
324355342616,837504821833.0
324472101918,638672280623.0
324511669817,884005841340.0
324621746209,175281972887.0
324667261202,190714352650.0
324671615904,539206272204.0
324690822108,485355571077.0
324838224916,382319141926.0
324942716615,202971080983.0
324956886906,894717352633.0
324992082703,727086199307.0
325001016617,387723012574.0
325075582708,886487779278.0
325239630100,425007206914.0
325251030016,552168150469.0
325323374416,332077371668.0
325376449412,793349862460.0
325445227404,846440239782.0
325464365011,832816222779.0
325846856913,247223296933.0
326100197911,981906233833.0
326108238607,789676534260.0
326130066614,826523640781.0
326374736309,347293140776.0
326424098010,738424136164.0
326441858100,620197260152.0
326591891219,357075464787.0
326827819511,626430250300.0
326900831715,111829939005.0
327118233090,101720554358.0
327162875090,258756157654.0
327189402904,750657160084.0
327200011417,722773670059.0
327259714040,191065154181.0
327269187190,342823326402.0
327495596910,711728317650.0
327501890500,562151145510.0
327528208000,646945911682.0
327854994801,404434920850.0
328027392100,304493520455.0
328062191412,857888701621.0
328124106219,103317127411.0
328207950300,881559318595.0
328208681602,389818409607.0
328297705918,837895141759.0
328355086301,513783666940.0
328443478009,939532042220.0
328468945210,901595652354.0
328561868712,273625416949.0
328578326804,695160947762.0
328590794300,513507136414.0
328600123507,952931536932.0
328701410617,216039051721.0
328772469502,671297024159.0
328789639417,561934508086.0
328816223405,921783460233.0
329004557119,246906486025.0
329196178117,793349862460.0
329367215218,276809474225.0
329397987803,169589277725.0
329412014512,700816988926.0
329549136617,919569099637.0
329753363319,220114967848.0
329795814418,985893215240.0
329972548503,136514175036.0
330113884202,326152769961.0
330137280415,383184354827.0
330139054014,224815830672.0
330259691208,899295595357.0
330260153019,657023082421.0
330341691416,970413739994.0
330377011919,523126888036.0
330536826003,717141133881.0
330635052314,493875764155.0
330789248140,252634963841.0
330814174515,893286402448.0
330835872205,343701181351.0
330962438409,366306075980.0
330992400000,240584021465.0
331006008416,469395117752.0
331035663200,369455075967.0
331041130904,974769138850.0
331116577008,206064848082.0
331236904103,814817194714.0
331354323709,960674243357.0
331417895907,824678323513.0
331421682011,309291393059.0
331601669110,310485097973.0
331635324811,347293140776.0
331667707150,450655767157.0
331875288313,987692178644.0
331875957614,127820204330.0
331933073100,261834989729.0
332074855910,127237826962.0
332222651012,227357346224.0
332282785818,381538151896.0
332338830900,836275700311.0
332415057110,714653016659.0
332548813015,870992847587.0
332618734219,881559318595.0
332690850800,800343758948.0
332696909404,600801884990.0
332710518205,694009863434.0
332758785211,858408394018.0
332827082808,721306307817.0
333016853203,806429279020.0
333084354515,931652149395.0
333093941105,637467916719.0
333285090413,793272661379.0
333321959100,670657865927.0
333428947207,450355989044.0
333459709610,564243896864.0
333527052818,446901739843.0
333990238070,789134540835.0
333996632912,495908878332.0
334140351812,631890533210.0
334160717903,961130316154.0
334173524405,841237392977.0
334199875610,763915906796.0
334274328410,801295640447.0
334373224217,755145158000.0
334433142112,564536741727.0
334445726100,398623067673.0
334547699316,989691708138.0
334589445112,700816988926.0
334647442811,103671683219.0
334659249710,122780671853.0
334877326504,610608087276.0
334895613011,713869520934.0
334924766801,381772856026.0
334926931919,594940144659.0
335135100106,462240084840.0
335172270060,297706852983.0
335182155710,692327265963.0
335259195500,284862495870.0
335439471609,306071090008.0
335568025010,164626314219.0
335601336504,832788478530.0
335819505000,335958487187.0
335833323813,101559921902.0
335964364812,767262027955.0
335966899060,930969043020.0
335985685700,492069810598.0
336064521417,309229702519.0
336071415110,147494991073.0
336153136160,636728050655.0
336154329902,100370651480.0
336218530102,618141630000.0
336244052108,284862495870.0
336340086611,355488194574.0
336561901903,306796326021.0
336636195609,631768015939.0
336660090408,583976147665.0
336806486100,646945911682.0
336806915310,350474755139.0
337010157416,101253645388.0
337045438705,300563674914.0
337060355910,160374928053.0
337152445803,731979514608.0
337283593080,263275216855.0
337333991014,172438451614.0
337384734207,725596135810.0
337562069600,355468059610.0
337604182904,362878369660.0
337649949302,550586881300.0
337757688911,808612121393.0
337773721501,572843281994.0
337977495218,957625022374.0
337980064209,390744961745.0
338160922617,812599158246.0
338161846110,326152769961.0
338409106411,696750046802.0
338588931619,766406698847.0
338746518050,354782656172.0
338854751711,113383598152.0
338925888015,946217443521.0
338943478612,583107758421.0
339027580170,955443810255.0
339183341160,375377502592.0
339369690060,113028261601.0
339464588310,581892318661.0
339633630009,581436963351.0
339712715102,478257783607.0
339802275505,270966746394.0
339852943408,425035414951.0
339927396160,943166955512.0
339978558802,637651283521.0
340008646316,416971258642.0
340099250006,318861165728.0
340195595905,935524311589.0
340231216319,169052685035.0
340429288315,582723069715.0
340472144300,837895141759.0
340622338701,936325347962.0
340902471070,844656798980.0
340906042012,833843657633.0
340957174208,230834082759.0
340968299805,657548812746.0
341035560400,192052858130.0
341094659603,793349862460.0
341194745000,745183418346.0
341323591300,438583926376.0
341363608515,756533271608.0
341378411918,954038071367.0
341476759719,989542985879.0
341576106109,582822283274.0
341635150407,637467916719.0
341764481003,291847206217.0
341803516604,579628611407.0
341839981140,260286478279.0
341880047606,922758464762.0
341945550900,913340168036.0
342026628000,425007206914.0
342092147400,326152769961.0
342209735006,625444927087.0
342252631404,891286983719.0
342310470160,851104247916.0
342468021202,211785884381.0
342599643402,577480384977.0
342615850613,306305322928.0
342691173917,999104288588.0
342848246915,125229281120.0
342950659914,232476030920.0
342957215717,870259977651.0
342982939613,727470535299.0
342983142802,595400487249.0
343090671303,851480153834.0
343143748100,586097420633.0
343146980103,467566346992.0
343344331308,435555174882.0
343361456919,679598515802.0
343364318190,593082733705.0
343489249612,793272661379.0
343542159204,644461184360.0
343577864612,404434920850.0
343668177802,403770358340.0
343957502090,994324986803.0
344008000717,793349862460.0
344064394414,683085707434.0
344285366506,129793999262.0
344335426309,978580943525.0
344338157903,235141213197.0
344362301400,782610251238.0
344507566106,709755171960.0
344522299715,140890672615.0
344551260411,347293140776.0
344603072190,819150795248.0
344694086708,404434920850.0
344909190612,290641637079.0
345014498701,736709587021.0
345087726519,114208042116.0
345178563212,843731344590.0
345267940006,218145185534.0
345298553707,660926051479.0
345401831407,282897339267.0
345437822106,401777035143.0
345494519806,956287151920.0
345526887819,767477544326.0
345568902009,284862495870.0
345582577403,388834003185.0
345697980900,989123590510.0
345760750516,604500956157.0
345858300009,745183418346.0
345895282401,257902491991.0
345995848510,680123549695.0
346067151170,237148356717.0
346180637913,418312767513.0
346185603105,681308028784.0
346208380513,641923451984.0
346236435212,868514692526.0
346243928118,806851424850.0
346270095210,353646729339.0
346408881113,444781954760.0
346573065040,953709005351.0
346598896114,252634963841.0
346609623519,696776404227.0
346804010100,422033983418.0
346892939602,995688977401.0
347028353414,222981000089.0
347155134000,880842938614.0
347319324060,717141133881.0
347445131805,953145608562.0
347463399016,826901962255.0
347491575205,641528871038.0
347500078401,284862495870.0
347539981107,853900674777.0
347624228305,326242302498.0
347719273008,147595681352.0
348113214705,758979823850.0
348184239005,716677619655.0
348304847816,865919598360.0
348457893013,975868481313.0
348534246704,306699390536.0
348592974406,103317127411.0
348746818808,745794331700.0
349042396804,712752047073.0
349135027090,465390829640.0
349218603913,667772748466.0
349250273308,214894109917.0
349253178416,909745966120.0
349313690204,690988570552.0
349416113404,766883693063.0
349646274613,919898718450.0
349689114303,756533271608.0
349779878012,361961709780.0
349780401419,860046384910.0
349924023207,169174466290.0
349966784218,224815830672.0
350022165213,469395117752.0
350118604100,310485097973.0
350140026719,571497959934.0
350285640106,343456043459.0
350392328905,377162258094.0
350421293517,575246691819.0
350433460110,497985779530.0
350785188604,705809987910.0
350996447016,710591925299.0
351000981606,682633510239.0
351103240404,676349243136.0
351117550316,252634963841.0
351244267905,595400487249.0
351247547401,864687467246.0
351438103107,106283402817.0
351567259108,220461474506.0
351716606707,171263395349.0
351758229800,814817194714.0
351759295100,330468723900.0
351779365901,657548812746.0
351813309605,407392911299.0
351877895116,772227781134.0
351886277509,549636449528.0
352544413130,583385517150.0
352563123414,906937555029.0
352687632214,349830094596.0
352746195807,420670717614.0
352747992810,831112509809.0
352816666913,655229296394.0
352817718015,965388443624.0
352911100704,497910801860.0
352967420105,692686425729.0
353033329301,626264680504.0
353082352117,860884762520.0
353160117312,426642430939.0
353164498313,518382414521.0
353204389202,265656162391.0
353228716070,595400487249.0
353426058212,532166438139.0
353548121005,622746319416.0
353706747205,159881679437.0
353878058309,875193498906.0
353898670617,601384079002.0
354103293414,102075977289.0
354191365707,615464469981.0
354227744519,472996738901.0
354264596700,793349862460.0
354299901508,457196033941.0
354389403211,228159547172.0
354471223807,306796326021.0
354583911615,667606205610.0
354632156180,621987433025.0
354833664213,761683193236.0
354835278301,511458337101.0
354873010400,467566346992.0
354875301020,586612592843.0
354938334203,284612136960.0
354951717718,847938339758.0
355141573813,989931875594.0
355245393811,966510875190.0
355268726704,989287606601.0
355279763615,109292035269.0
355435145401,559056551681.0
355484789102,695660800917.0
355527851800,952931536932.0
355666148719,568647003973.0
355745403714,778816873772.0
355810041409,101395696458.0
355892057010,958321809211.0
355918462714,759251727490.0
355942970118,490680276037.0
356040202801,520469476680.0
356104975419,128484364213.0
356190992907,320024883397.0
356218550211,366306075980.0
356324678706,618141630000.0
356428764020,680123549695.0
356494218714,637467916719.0
356506430419,306452827798.0
356689214013,647845993507.0
356831994020,455441231552.0
356998485204,273625416949.0
357326289105,427594060090.0
357378776819,970413739994.0
357496973402,988884949733.0
357962700209,751723326481.0
358030995511,867433184497.0
358268344513,381772856026.0
358272193070,627556486854.0
358365116205,211016401120.0
358419279914,762608171855.0
358453313000,522274417175.0
358471835917,235995572320.0
358579647214,910471171037.0
358615324205,720053963465.0
358661290200,954449245879.0
358689714111,888084065467.0
358766112018,792042917051.0
358875943003,852146532843.0
359066992512,466319014252.0
359157615713,325094470922.0
359165012903,416204938282.0
359205535801,498576189494.0
359219685900,193509092966.0
359242231405,494138008956.0
359242425610,742818532872.0
359459926513,332077371668.0
359644077607,102075977289.0
359732858402,631233431817.0
359894640408,950508877480.0
359906867911,102075977289.0
359948136709,275045309295.0
360167017402,866540828698.0
360202133617,889461606062.0
360322290610,469856027449.0
360344999040,967284175111.0
360427456706,100680487454.0
360436723217,472817520807.0
360488383712,220334512519.0
360519872313,220900285441.0
360562308501,496233560135.0
360631121301,107164933621.0
360727842215,825144558878.0
360803780217,779747933817.0
360921764712,673712261640.0
360927158810,514763353630.0
360971691308,173968093531.0
361067095412,629226576290.0
361236509020,958278320036.0
361349038606,695568750364.0
361393148008,636321331695.0
361401892916,601594163886.0
361479877613,903784295803.0
361681165507,390576750731.0
361721878000,963661778050.0
361788989219,767262027955.0
361837439602,577472416430.0
361865150100,364111462622.0
361871912112,675448086627.0
361891869915,953145608562.0
361908352402,463420603148.0
362011145140,427413751493.0
362122626110,967697287670.0
362293657612,664951131292.0
362333607311,465376630157.0
362414352120,291290087058.0
362525835015,447306837230.0
362601208015,561934508086.0
362665795716,321821050981.0
362846257708,642134834655.0
362899015812,950508877480.0
362928486011,932300131241.0
363015325001,360143592529.0
363042052714,778126733516.0
363055160013,375725189750.0
363116070706,359355814997.0
363149960107,239692256544.0
363175983817,303343926896.0
363274942900,482823405738.0
363282742310,379288181808.0
363324923315,448258896637.0
363367595206,989123590510.0
363485549203,704103807356.0
363532201903,147494991073.0
363589479415,593082733705.0
363642385316,161245845297.0
363776233107,791749648788.0
363840842501,347293140776.0
363910200016,524077797506.0
364151093080,819585791796.0
364175044311,159471465288.0
364252648060,805376733456.0
364275949000,987015453294.0
364390075160,427413751493.0
364414215418,551001429299.0
364499027702,511081344627.0
364504973210,127880294152.0
364595861415,621677325219.0
364693989707,930578041397.0
364761630513,112674682810.0
364790566502,803144059391.0
364802740010,115132067432.0
364908444902,397317536784.0
365017175301,682633510239.0
365269814200,627769447837.0
365325230190,404261833412.0
365470510150,455475919826.0
365552252600,500527203055.0
365595109007,858408394018.0
365682416816,928821138841.0
365696880800,946217443521.0
365799344109,519373746531.0
365813248502,149799018619.0
366034277310,639394137453.0
366036701907,621987433025.0
366128518120,306305322928.0
366207772311,727086199307.0
366309823919,621987433025.0
366504862040,275045309295.0
366506071108,844477942656.0
366514362050,677660312348.0
366538738917,460312063800.0
366547791100,471125483124.0
366611928008,171252875559.0
366633894316,521765798289.0
366677546215,138404489039.0
366753782405,101720554358.0
366881828803,927948192565.0
367038481010,475395006146.0
367097075711,308526776428.0
367122349307,785138622641.0
367127558106,365038273919.0
367162072314,966451769739.0
367250989705,685393680823.0
367324983903,220334512519.0
367568107410,694058811510.0
367584424304,522274417175.0
367696842309,674318400517.0
367999055104,848663356186.0
368019100800,513198339243.0
368248050806,987318875244.0
368317907519,844119722055.0
368392987130,524077797506.0
368432731319,987220038312.0
368455280507,145321091171.0
368707159114,106080050422.0
368755520419,109292035269.0
368762161005,413171982547.0
368793552119,909745966120.0
368869787150,637467916719.0
368909567002,331903161738.0
368948302400,218859294810.0
369012261206,782610251238.0
369033647010,394106206387.0
369188058511,639394137453.0
369288706809,864989941234.0
369358332710,100627664390.0
369459315190,353915390730.0
369500096608,565761849298.0
369563312700,127997138531.0
369603923011,488126315747.0
369641306108,767477544326.0
369896109511,626430250300.0
370102015406,876615642608.0
370129789501,404476388660.0
370134699217,936325347962.0
370234725310,238290336681.0
370259988112,326152769961.0
370264375503,801488447231.0
370369379016,947180424190.0
370395656413,472640949750.0
370486689202,726591267208.0
370555453717,772533678630.0
370641700112,276809474225.0
370721323912,484071338053.0
370767954119,276809474225.0
370904556115,214354181996.0
371015679506,437688835432.0
371020893813,818702462027.0
371165278506,884095339917.0
371193826809,171252875559.0
371305682716,545806119982.0
371333751111,279739436763.0
371436082711,374407469431.0
371476939402,346309909489.0
371574110508,219366530797.0
371624979402,815128715707.0
371687224502,380395267044.0
371690258001,275045309295.0
371841316005,481327715012.0
371897318050,290574370706.0
371937774713,471437522832.0
371951160616,219366530797.0
372069925506,451371168358.0
372213717917,298850548013.0
372227155913,837797686853.0
372336805016,361961709780.0
372533812008,282101591580.0
372560070218,667321406540.0
372698780510,219035351732.0
372761611800,799956377733.0
373036332206,686578826103.0
373077925415,549636449528.0
373125711412,789649299990.0
373174560803,729052989049.0
373208020915,459391554960.0
373231927114,523803941161.0
373254439014,783491793687.0
373301387614,756533271608.0
373304890418,553280589959.0
373320612410,987692178644.0
373366611019,933359894286.0
373424541814,457765057674.0
373425849209,648825360469.0
373468408709,326242302498.0
373529766101,407925481882.0
373600178014,793349862460.0
373646962717,924825355008.0
373923748000,222192100900.0
373993083311,347543884063.0
374044799510,293032199310.0
374087811100,271936096806.0
374341548315,890716744192.0
374388502111,247213538548.0
374517151915,290811883490.0
374524629510,793337185236.0
374570761800,444781954760.0
374623344319,211420118311.0
374725673318,779747933817.0
374726496408,681627466031.0
374852342808,959752782680.0
375101694507,290578400537.0
375126636803,925065102002.0
375267502416,387723012574.0
375353834010,497307618950.0
375412824411,455841675797.0
375425785209,797045594084.0
375502354309,865638526335.0
375719132517,535490805066.0
375802879000,677280355560.0
375904531905,129793999262.0
375944805911,967284175111.0
376137960405,714653016659.0
376193512207,257902491991.0
376239748506,270966746394.0
376313878402,512031072555.0
376348132090,631890533210.0
376389177612,712401025841.0
376422926113,637687400071.0
376445429607,782107741114.0
376473610012,539003589072.0
376558587140,125764881521.0
376593564906,247223296933.0
376602737901,134412453357.0
376609053700,717141133881.0
376654269218,462405146854.0
376669012006,469395117752.0
376874729209,356054113353.0
377049524612,774405534242.0
377105067601,636321331695.0
377205279308,924825355008.0
377297930910,832577032496.0
377306737608,584775813072.0
377322837004,666049351720.0
377352254301,660335728799.0
377372789814,161870668419.0
377466898204,686869711440.0
377483900604,918450477017.0
377688632706,857840711190.0
377766407018,100627664390.0
377772327709,558844976270.0
377826340017,831374290211.0
377856193040,278968533185.0
377890544512,636321331695.0
378019901804,187742247710.0
378029327618,312605825340.0
378051019019,995688977401.0
378166320718,414071696526.0
378180950117,281906827782.0
378288890604,714653016659.0
378297123050,800218958053.0
378297358808,636669438942.0
378337019160,645622251793.0
378520513318,605332037270.0
378533183701,616565505743.0
378692753816,769789729926.0
378697245100,634094695317.0
379004955719,187639435380.0
379015920310,990341776106.0
379208689218,101559921902.0
379263912814,942998792962.0
379338459511,145321091171.0
379461239000,694009863434.0
379504788050,779289438946.0
379544607116,890200738607.0
379594540316,355468059610.0
379706189504,680391703684.0
379833058619,652056527909.0
379843759206,137791749281.0
379884537700,519373746531.0
379924261030,976080994319.0
379940258014,381425264720.0
380024543219,403803508193.0
380101707214,749383309234.0
380167137500,832816222779.0
380244953203,683798406406.0
380247040713,299048128923.0
380282275813,506285835280.0
380452030916,642810878957.0
380514209411,337142364882.0
380667706510,877231899359.0
380807912716,271936096806.0
380926757202,349405533870.0
381003550100,428839669750.0
381066221900,742225370664.0
381178076204,592262436122.0
381292080130,755337816370.0
381305532806,513512977514.0
381384269010,269089243303.0
381396283212,441390486279.0
381639898816,683798406406.0
382196200609,511081344627.0
382245018802,946990665610.0
382268496310,587725052781.0
382278380004,257902491991.0
382398944412,812569203376.0
382428728117,190714352650.0
382456793202,134412453357.0
382602802206,425693804207.0
382743205302,112674682810.0
382839693914,858408394018.0
382843035306,804811132409.0
382864205802,583976147665.0
382865487618,986734342769.0
382965429607,559755652566.0
383015138315,876056331404.0
383136044301,511081344627.0
383152716017,852804424012.0
383166406812,837895141759.0
383279823180,113028261601.0
383467623120,412124596778.0
383654628615,817950633420.0
383675575318,860525929350.0
383749945014,182188703800.0
383882201113,145321091171.0
383916160050,220461474506.0
384197879201,665410281744.0
384508309403,147658953745.0
384533083418,883600415956.0
384598838060,740172518500.0
384904605709,957625022374.0
384953699608,472640949750.0
385044627404,693745110100.0
385187965215,141642679596.0
385288658103,446312811712.0
385446510505,170099214320.0
385494686504,934539230400.0
385535017916,545542082108.0
385550466517,564243896864.0
385562183210,766406698847.0
385725539015,757880286381.0
385726490300,193569206002.0
385749818900,740214521557.0
385862645412,448075981222.0
385951732207,814622697925.0
385995108602,110935422744.0
385996565310,519373746531.0
386115610716,688065798870.0
386122100180,559056551681.0
386177594518,178426099594.0
386180323406,570646931023.0
386245593219,811766434012.0
386505545501,645622251793.0
386538577303,916786203993.0
386593137905,505127796341.0
386723124503,147565298567.0
386726904216,462405146854.0
386750882605,448496369949.0
387010733905,772999820580.0
387012873300,791073387888.0
387026967719,558551918580.0
387114841602,874278899532.0
387187788619,678766933203.0
387359665103,435967984320.0
387384954901,846440239782.0
387442221306,980633257858.0
387453241060,906994285950.0
387461232205,551001429299.0
387498306803,867433184497.0
387508105507,182365089228.0
387846295213,160374928053.0
387850728914,871726763409.0
387880997516,683381189529.0
387891513719,209548028761.0
388030045415,773279884449.0
388094148211,832643535588.0
388130423114,796939988740.0
388180542309,810381494292.0
388202122612,420144843635.0
388289538020,340196750398.0
388368421805,666049351720.0
388423126214,773313807540.0
388463107914,160374928053.0
388509659813,912428060012.0
388590528700,404773926677.0
388651301019,718831524188.0
388762299918,147658953745.0
388937508109,421113542053.0
388963886417,343456043459.0
389023740910,762099568321.0
389024949807,511081344627.0
389419531400,150877769050.0
389420611318,102595518630.0
389505350116,648166686295.0
389540802915,905593393006.0
389582862505,646945911682.0
389682982909,852108827226.0
389748151515,145321091171.0
389815120502,444943113751.0
390523638407,965096305667.0
390568812917,196922787197.0
390608927402,539003589072.0
390626406608,326152769961.0
390641446700,516196970650.0
390717186519,914751286758.0
390731860500,309220474972.0
390767554807,647845993507.0
390777290416,404434920850.0
390888829301,544673683993.0
390902345203,386988933699.0
390958456318,430742896955.0
390960602405,276809474225.0
391078178600,644946521203.0
391125043209,202645792517.0
391232982317,284182710360.0
391275446409,273660327245.0
391468262014,917120876383.0
391587127001,789134540835.0
391596687705,570646931023.0
391676206611,780290183470.0
391749304606,618040609303.0
391843453704,777098154797.0
391845289312,938178509082.0
391862592508,582827107250.0
391896006113,709261315472.0
392219216115,570394257447.0
392289077204,284862495870.0
392415491512,475395006146.0
392417844905,659443690057.0
392471764113,475395006146.0
392516871207,951324197996.0
393008589506,883408069486.0
393012995312,871106357750.0
393019221803,740961974413.0
393059897403,805902791850.0
393111879113,763622877481.0
393142297808,978017262177.0
393169558009,318011300214.0
393227193409,541611768757.0
393573618016,220900285441.0
393622228711,740961974413.0
393633399415,327797256670.0
393726124219,934539230400.0
393740242301,617131023707.0
393874182809,415470416900.0
394057006704,108881372484.0
394118436702,686869711440.0
394216342311,925595477418.0
394278206108,480844958302.0
394281069114,275045309295.0
394327175410,181713516307.0
394366155516,717141133881.0
394595206318,145506421493.0
394657848011,762099568321.0
394707123108,933359894286.0
394726789012,209548028761.0
394872338415,837895141759.0
394913349010,860884762520.0
394975968512,762099568321.0
395190142917,549636449528.0
395438931505,637393324270.0
395465513070,974769138850.0
395481922913,306796326021.0
395548935800,225956965779.0
395573224116,796270433976.0
395598570705,930578041397.0
395785148818,318011300214.0
395805629100,415077493904.0
395835956511,462374703110.0
395861789103,300656870253.0
396094239703,568119899257.0
396183402201,487198233765.0
396220487190,145707840661.0
396267986316,679598515802.0
396368472414,906567474827.0
396399656702,441390486279.0
396429748705,944801349451.0
396458851004,868461294982.0
396496868702,425035414951.0
396498584803,311034258170.0
396569535401,619673390607.0
396634655130,214894109917.0
396711430419,311214200926.0
396712937000,284862495870.0
396942597318,632786911680.0
396945816917,792042917051.0
397001149301,475395006146.0
397005274804,169174740434.0
397026283601,867643972193.0
397047303210,963642004300.0
397199868019,381425264720.0
397274106806,127745328232.0
397296816615,504666503680.0
397376901217,819503810640.0
397485435316,156769674980.0
397595413110,852305754425.0
397618586109,333362859529.0
397639328704,115327875277.0
397651246190,320859887531.0
397660296204,626956706442.0
397925982714,366306075980.0
398114228107,288067492828.0
398124809708,696902911426.0
398205961201,145321091171.0
398346748707,103671683219.0
398577065001,651076418482.0
398615005213,380367171209.0
398703747209,872491541633.0
398727555615,591056385033.0
398781629019,303745348208.0
398818741910,567507789351.0
398828891005,751898867931.0
399019876314,853900674777.0
399053428617,568448377380.0
399149500600,765814130935.0
399205258812,622393292519.0
399223485015,792042917051.0
399380113505,619250977772.0
399455152808,832925420611.0
399482477016,956801981716.0
399543809110,801295640447.0
399578443314,593824885363.0
399809278516,762099568321.0
399812330112,866541785450.0
399983209606,517098604163.0
400049458218,490283165231.0
400288105512,190714352650.0
400336469210,757880286381.0
400341377415,457765057674.0
400432514100,600091519028.0
400794154160,265901130749.0
400830760911,237328248043.0
400850533203,861140573631.0
401175555516,831798389141.0
401188808090,629492023440.0
401195507609,415583557390.0
401258383016,975868481313.0
401283275317,469044277635.0
401314859411,997886386486.0
401322810701,846440239782.0
401586317514,539003589072.0
401604552418,651076418482.0
401666538901,960674243357.0
401749787012,323805096840.0
401826832610,341768194892.0
402038503190,187742247710.0
402047333606,456615300420.0
402150742909,595826993015.0
402204838040,832788478530.0
402241807906,351265760495.0
402250986806,235141213197.0
402375473409,606279904557.0
402491409707,564243896864.0
402557301803,426090350017.0
402569034110,639615257315.0
402629351110,868654257341.0
402763685207,356910019590.0
402934953806,439198792195.0
402953171150,915749464690.0
402963874130,827483003796.0
402982077117,520798860524.0
402990187413,815772549569.0
402996269710,519373746531.0
402999510206,931652149395.0
403154992090,362878369660.0
403230201810,467063428391.0
403437087303,182188703800.0
403575762707,347293140776.0
403729915714,890200738607.0
404090492802,633431240790.0
404220432204,656337628233.0
404321375105,657548812746.0
404465921907,773795458349.0
404474240807,235141213197.0
404475230219,309220474972.0
404542593901,356910019590.0
404576306915,212024658521.0
404598353304,852001413727.0
404602526070,505127796341.0
404611157120,992814175602.0
404667241008,684775557073.0
404669264709,107997459082.0
405088513311,191923451211.0
405319174113,496312685500.0
405451551212,487666347343.0
405572555416,365029402560.0
405639055314,947321242016.0
405684914212,594247315509.0
406107081513,967697287670.0
406146503911,240716362594.0
406207033304,651076418482.0
406209172415,803607447245.0
406248963101,694009863434.0
406446965009,299375763830.0
406458343310,994324986803.0
406487404806,207080830866.0
406893941314,712401025841.0
407025979911,680123549695.0
407161288319,289852605634.0
407163760000,780290183470.0
407205799718,970413739994.0
407329078318,685079269850.0
407402734111,300704303705.0
407510289308,283718352300.0
407645854109,841838178895.0
407657149204,129793999262.0
407843197408,309291393059.0
407916005505,236307010559.0
408074748917,545653155137.0
408084010080,732352124933.0
408101659918,235440924456.0
408109386112,276809474225.0
408320414802,970282776855.0
408350102016,365038273919.0
408394699518,349102432299.0
408439956115,484447596668.0
408626808404,796291574070.0
408688170400,497910801860.0
408702635913,171252875559.0
408942136014,792925544623.0
409076249917,626430250300.0
409306441002,796270433976.0
409371335015,482823405738.0
409384912406,697652154859.0
409475568903,197941452751.0
409525332302,978017262177.0
409543461813,621987433025.0
409555613017,306071090008.0
409666912510,171252875559.0
409781503700,793940507816.0
409988189315,642134834655.0
410307969605,511081344627.0
410442102103,306305322928.0
410493223050,800926947173.0
410507531112,852108827226.0
410662665203,890285210819.0
410677081310,812506860337.0
410692403611,864859921615.0
410701777006,969266793692.0
410817793212,384287738934.0
410823415310,888084065467.0
410895447116,743259455729.0
411013638214,406370189221.0
411074339519,989691708138.0
411162334411,957625022374.0
411165315700,570646931023.0
411193732516,907950433896.0
411342920602,708381366518.0
411362763802,269328211560.0
411378997117,822924243857.0
411425271901,128210482042.0
411427100508,344625033128.0
411491337906,526781731195.0
411535362618,771321067649.0
411702783813,869993920720.0
411756955119,240716362594.0
411878988513,683085707434.0
412023735402,986924941057.0
412071760011,808180704672.0
412139749618,725705250120.0
412153708019,727747049200.0
412166849403,182188703800.0
412351346810,262639280994.0
412413519216,948464271492.0
412594505615,551001429299.0
412694402003,503130245024.0
412759379413,369044169505.0
412768910004,306604173889.0
412832855814,141139702567.0
412833160613,851826962373.0
412952083160,380228208294.0
412970569518,184568807536.0
413059119915,246906486025.0
413137644819,293032199310.0
413147472205,212024658521.0
413251414300,495912918608.0
413255365708,942444006530.0
413341501516,909182316311.0
413359958011,864989941234.0
413445982811,554238096385.0
413470960016,652814694050.0
413473716313,439401235982.0
413479532513,104335532596.0
413598715617,623671869800.0
413768911200,899890917222.0
413937626013,771981274126.0
413948706010,750810231310.0
413988521103,223523583250.0
414100419020,804641406000.0
414101560800,616493556242.0
414121794518,222232348661.0
414283696505,871115263236.0
414313424312,626956706442.0
414317062610,641528871038.0
414387462202,134412453357.0
414514898417,568448377380.0
414662266902,318011300214.0
414742640912,694550688092.0
414839829010,689252096434.0
414887435309,932300131241.0
414888276402,960674243357.0
415040663415,583976147665.0
415065399015,864989941234.0
415268647101,240716362594.0
415320607212,803607447245.0
415347854219,666049351720.0
415390807901,232833506172.0
415521190706,526781731195.0
415557992208,972317974779.0
415745369519,927948192565.0
415843874408,694550688092.0
415883748160,668115958896.0
415920415113,258756157654.0
416079830516,797045594084.0
416202733813,700076470973.0
416216600512,399092834585.0
416232982307,292206657594.0
416246099120,127745328232.0
416607402507,330682173291.0
416699381014,357339155272.0
416707835106,326152769961.0
416761293219,443647627970.0
416872244301,636321331695.0
416880382018,540403153555.0
416927771900,561934508086.0
417083252419,113247672699.0
417144851140,808167480066.0
417161265110,212024658521.0
417165102205,542775468118.0
417215301600,516869125759.0
417290917710,262433797382.0
417520760512,323838031889.0
417585306800,934144689713.0
417977600209,138957254200.0
418043410913,919601818132.0
418137146112,229039827680.0
418329363314,451698309653.0
418416611213,801453130712.0
418529070102,398623067673.0
418589323316,846043077195.0
418761532519,626430250300.0
418986560112,535599687003.0
419026574517,990341776106.0
419039275903,320859887531.0
419336236715,306625463603.0
419403788913,269328211560.0
419586876419,238446439071.0
419728486207,131587158325.0
419772718010,762099568321.0
419787618701,858258530151.0
419789664302,997662711433.0
419932840815,865638526335.0
419938099012,659443690057.0
419984815114,886487779278.0
420087041200,271936096806.0
420233022801,578486386000.0
420251019804,462240084840.0
420258179912,385836249081.0
420433973809,627769447837.0
420839451140,148319225632.0
420849737810,951643071037.0
420917574108,452537487973.0
420923825070,463420603148.0
420998931010,815772549569.0
421156466503,630695193395.0
421213150008,561934508086.0
421234892201,556713048284.0
421263800602,631890533210.0
421275394711,475395006146.0
421278560104,173710676890.0
421279502109,214894109917.0
421348136900,404434920850.0
421398289013,878516405417.0
421423543502,382999329517.0
421499824912,456414333269.0
421512027417,517098604163.0
421724790503,944961889596.0
421736298508,577480384977.0
421752920902,577480384977.0
421828372007,562151145510.0
421836745810,936258274112.0
421857948508,774405534242.0
421993767104,629705005398.0
422009212408,167682079016.0
422021827318,851384712636.0
422039012305,465376630157.0
422142161300,321821050981.0
422151187105,686427422864.0
422173866509,160166143708.0
422194470809,830904173455.0
422373792904,869744623729.0
422433868804,930243698258.0
422486071606,760988049505.0
422493517090,498576189494.0
422531674717,910380065966.0
422566006709,391425352150.0
422621621318,249136271139.0
422675752411,374505616495.0
422697955416,949318772820.0
422708849912,649910998984.0
422792811190,565500323119.0
422911928610,987692178644.0
422918044509,541589001280.0
422928097611,353729032188.0
422991159603,230834082759.0
423029980311,529020575630.0
423051956705,564243896864.0
423233791115,720053963465.0
423310381100,610608087276.0
423320283305,456406354378.0
423325915007,967284175111.0
423375345202,331903161738.0
423480824713,266030225640.0
423492833516,413892867015.0
423503623119,300704303705.0
423580256916,889384585673.0
423583199400,740961974413.0
423612207517,729958088711.0
423656997604,283450988562.0
423722985609,366719288008.0
423749993506,776269339955.0
423836370300,426097272894.0
423959911613,132375926411.0
424006049040,522637179698.0
424075182019,218859294810.0
424084237170,720954062958.0
424179113001,825144558878.0
424585948160,244887574431.0
424586076407,207727457555.0
424697047219,877938523260.0
424803145018,128484364213.0
424804156318,629791882697.0
424858021317,374505616495.0
424858192309,517098604163.0
424902561105,345475369289.0
424944504704,421113542053.0
424969729016,191923451211.0
425005093110,129793999262.0
425129401111,745183418346.0
425153505913,462405146854.0
425274113912,664425595770.0
425316487604,122703091513.0
425453957604,150070490280.0
425496661516,470935214869.0
425543231904,129793999262.0
425580422409,118013534981.0
425605324701,576994105700.0
425635288904,837504821833.0
425701469515,539003589072.0
425702731100,651400971055.0
425759505116,958278320036.0
425842347105,913623990503.0
425927004503,417504718357.0
425936544004,583102243999.0
426015958305,232646684943.0
426132420905,112245771976.0
426226695020,792042917051.0
426282785604,145321091171.0
426311092118,360799477808.0
426315651102,747599120754.0
426362652702,636321331695.0
426384365913,306427500958.0
426430627010,500340929011.0
426468196118,191962597333.0
426500441900,565964917193.0
426525389112,488890646184.0
426645737302,683798406406.0
426881569202,300704303705.0
426931739415,751853736991.0
427224632015,924825355008.0
427232384516,576994105700.0
427276654904,822083836581.0
427335764616,522637179698.0
427559323803,625956140335.0
427766525100,446312811712.0
427801966514,160461022719.0
427882652103,965388443624.0
427886225915,771009141976.0
427900250010,732211167750.0
427915783808,605054008590.0
427927778605,736709587021.0
427949877615,681308028784.0
427973215413,760988049505.0
428086234110,505508123434.0
428209166414,396454627238.0
428321962605,645622251793.0
428554503617,539003589072.0
428772129712,210990262934.0
429045193609,242055374555.0
429145585202,212024658521.0
429248038604,355488194574.0
429336394411,985893215240.0
429451091819,970426885002.0
429791207302,446312811712.0
429921472516,558551918580.0
429952733303,607524800235.0
430015669601,219035351732.0
430068992007,926101199221.0
430078756100,686578826103.0
430157268302,330491351707.0
430296094019,880842938614.0
430310857012,381772856026.0
430347828517,847663392152.0
430368368014,829730386442.0
430475084805,193329762124.0
430498016517,501985473170.0
430565365601,101563653512.0
430628694304,360365800913.0
430762982414,129893255449.0
430772094911,616565505743.0
430772329113,196922787197.0
430876123802,829718791806.0
430906983190,376812551945.0
430928675717,448075981222.0
430933036406,641528871038.0
430971063919,909754987511.0
431055871812,764469437992.0
431090919115,857556034450.0
431122785309,354782656172.0
431125341909,351638013489.0
431139665419,173817907479.0
431198383502,404434920850.0
431213383206,550964081146.0
431427651708,570713491580.0
431505395900,565181250557.0
431865671603,478257783607.0
431999338314,164774032970.0
432004029218,957665146586.0
432043957108,306796326021.0
432109638501,408707472726.0
432223851105,832816222779.0
432269631514,921568382882.0
432364917116,793272661379.0
432572502411,443799415223.0
432654199110,488882216559.0
432766016318,541611768757.0
432784156500,466516973397.0
432994335511,792042917051.0
433092667409,957829754916.0
433117701615,798511958906.0
433310476113,551159578520.0
433317954150,944361478684.0
433512674909,471482163768.0
433607604906,889524816888.0
433629638003,564564336097.0
433909308218,989691708138.0
433969523419,995402833430.0
434006277410,627701504521.0
434022236211,543504138300.0
434298949711,705136763003.0
434300851807,680054876236.0
434404021915,303343926896.0
434420149601,642810878957.0
434472076915,347293140776.0
434580898809,832643535588.0
434819971213,473879111916.0
434871663811,560030126266.0
434874567308,193244214379.0
435019821020,352335411645.0
435049396513,700076470973.0
435203656112,637467916719.0
435286017603,949422547692.0
435388687400,356003559972.0
435390897713,989123590510.0
435439812107,141473292411.0
435608315207,581179038621.0
435612749612,325449051173.0
435676641500,220334512519.0
435816871707,531678026430.0
436015183007,812599158246.0
436051908615,453400622683.0
436064147110,379288181808.0
436084158020,448496369949.0
436150701607,457286553110.0
436213033217,357075464787.0
436230837116,457286553110.0
436263327219,722143793474.0
436400550006,150862497016.0
436482352119,730134304004.0
436651852303,762099568321.0
436664793117,976955382074.0
436677832706,191962597333.0
436682920401,536883544961.0
436693546419,732104739680.0
436700096117,219694189431.0
436824260203,306305322928.0
437081635719,453008662859.0
437122596918,781085688407.0
437207585802,582822283274.0
437217401208,601978395850.0
437272488108,679598515802.0
437302357312,712752047073.0
437400845508,498576189494.0
437453810618,307165830084.0
437482314703,851826962373.0
437523593518,853661054140.0
437705535201,420114492139.0
437799281010,498723973709.0
437984387608,284612136960.0
438238422512,311214200926.0
438372128004,564536741727.0
438391850501,893286402448.0
438549774900,382042337021.0
438569951514,819221073950.0
438783286201,391623737625.0
438961732219,961905640208.0
439092974114,838452691278.0
439107144012,566587688513.0
439154399806,165461602989.0
439238852410,136514175036.0
439258894020,467566346992.0
439277775415,191962597333.0
439315217504,376274783399.0
439436471808,413143055162.0
439507882412,479529526267.0
439603829301,394053837303.0
439738526718,583976147665.0
439766246012,951164713938.0
439926349170,482460032535.0
439949100212,847578210677.0
440072229714,870992847587.0
440085572205,626264680504.0
440100453503,617736336734.0
440244250511,197876671490.0
440315077514,918450477017.0
440351085408,110717344180.0
440398634616,557676042992.0
440558489016,212024658521.0
440592945310,600091519028.0
440783998518,257202437362.0
440964372607,401242082240.0
440969121150,425693804207.0
440983087519,287032226330.0
441039200719,261834989729.0
441093206205,343456043459.0
441139304112,832577032496.0
441344228716,448258896637.0
441450562915,416687146746.0
441599091201,631890533210.0
441722180610,243190941126.0
441765317414,307165830084.0
441914880201,748696313460.0
442145558507,381425264720.0
442181120319,992293306249.0
442210404710,957625022374.0
442354656700,740172518500.0
442394883009,729352451324.0
442479957708,500340929011.0
442503730819,647845993507.0
442523146416,998035442506.0
442564754206,593082733705.0
442629758111,425007206914.0
442723304213,142492600476.0
442733396508,729230978855.0
442786842005,247213538548.0
442787679113,407989853089.0
442854367916,275045309295.0
442860361001,983319323062.0
442870736170,540403153555.0
443336344319,513512977514.0
443442075701,351638013489.0
443606712215,900965856544.0
443786585203,886487779278.0
443828865306,808098810621.0
443840321704,462240084840.0
443861952905,483490533875.0
443924658815,967848042800.0
444075347317,296270010624.0
444104236417,535599687003.0
444280088111,921783460233.0
444325468206,970413739994.0
444525078402,762099568321.0
444533846816,353729032188.0
444601826114,944041697160.0
444668483612,465376630157.0
444773411514,103317127411.0
444794143903,959752782680.0
444845383616,333362859529.0
444887850605,257902491991.0
444896536213,717141133881.0
444906581615,384802647054.0
445266291209,766627766512.0
445370066010,848297934475.0
445511287717,869850820020.0
445521970009,832788478530.0
445527646208,225978615740.0
445680612802,859585317235.0
445755335007,191962597333.0
445855027404,570646931023.0
445929733009,846911854740.0
445946613905,872491541633.0
445964937608,756533271608.0
446016428501,917109698948.0
446017387716,403803508193.0
446032197604,629125728167.0
446101213308,158508117910.0
446123023407,353729032188.0
446138404915,606710474018.0
446158820811,232833506172.0
446245866315,550964081146.0
446267824908,954677745858.0
446280900014,589044208535.0
446458380307,380801930858.0
446614600080,212024658521.0
446645720618,910875277619.0
446663730702,967848042800.0
446703970510,521989597173.0
446838370600,518168461024.0
446947714400,695660800917.0
447006461507,107997459082.0
447011047180,249136271139.0
447302865901,591929985027.0
447311720100,366215104249.0
447339755300,232646684943.0
447396642805,281906827782.0
447447278905,108397963520.0
447493387506,627769447837.0
447535266515,155427372009.0
447542140612,793349862460.0
447600122706,160166143708.0
447685852120,975868481313.0
447749687913,972317974779.0
447757437619,390576750731.0
447882956917,154500946687.0
447916986104,330468723900.0
448051311906,523803941161.0
448172970705,573514419218.0
448349921012,405397917836.0
448445784203,733752243839.0
448551639013,488882216559.0
448558612508,216039051721.0
448744861714,951643071037.0
448811656000,664951131292.0
448857877040,349405533870.0
448913877315,772321604944.0
449258201812,953182233596.0
449272263416,156465442746.0
449291674812,742664884840.0
449372208211,935054825740.0
449380287717,649136917990.0
449476840103,411119951468.0
449540269009,676531162894.0
449619695110,718804030747.0
449624887518,849369479734.0
449798553216,995402833430.0
449848619102,202368477512.0
449925180190,265873874821.0
449978903215,366306075980.0
449996412310,574451308747.0
450096628617,778816873772.0
450098003915,475901522314.0
450139422110,274410723387.0
450176110603,462240084840.0
450202117219,889461606062.0
450256848908,537955458667.0
450301305011,947378045557.0
450330142208,217681685720.0
450344419100,792042917051.0
450726622408,436743829191.0
450788070190,716698739046.0
450813342302,610608087276.0
450845372209,315197409043.0
450911764008,908285154571.0
450969088713,395235160407.0
451041288140,220900285441.0
451060771905,639394137453.0
451149311318,630877537702.0
451246685213,914751286758.0
451304990307,647845993507.0
451406205611,910471171037.0
451487096060,805134028094.0
451606113601,299048128923.0
451698477904,866540828698.0
451705475908,220461474506.0
451755865419,448258896637.0
451789251011,827483003796.0
451793785702,976406890863.0
451833452304,951164713938.0
452062769810,629611912400.0
452111754303,442061969907.0
452177593100,886955125660.0
452233877909,108881372484.0
452240249113,247901214219.0
452285929911,988546131697.0
452607603411,484447596668.0
452824823301,688276188400.0
452897316600,276809474225.0
452966651000,644461184360.0
453041490807,244350480564.0
453178144412,421113542053.0
453248513814,303343926896.0
453291449617,623346418478.0
453353096503,485038475791.0
453359683809,970255430383.0
453385330006,711728317650.0
453458448505,101174402474.0
453535030418,831374290211.0
453600507818,822275679507.0
453683852100,210990262934.0
453769089304,800926947173.0
453883158030,736074393075.0
453979899913,174471722221.0
454082734207,198203034859.0
454088924613,850612288431.0
454284125401,403321283919.0
454289415113,203086664177.0
454307713305,852001413727.0
454423077812,793272661379.0
454442231617,587708069843.0
454541790112,865638526335.0
454562304110,469856027449.0
454678512918,225978615740.0
454741305213,591056385033.0
454743917408,788527575500.0
454754563020,492043202194.0
454852466804,424914879710.0
454978995118,545542082108.0
455184636901,504464313442.0
455332507412,631388617100.0
455402262911,145707840661.0
455414251009,236728813820.0
455535815719,943977256145.0
455693720614,957625022374.0
455876142206,870914829702.0
456072946916,153329746164.0
456197762708,349961625785.0
456229203608,857222207300.0
456235351501,295512260116.0
456290855902,478257783607.0
456302556605,353917390505.0
456331582817,943216022128.0
456554856180,857222207300.0
456807754409,551135646181.0
456888134400,989691708138.0
456908019519,953031660690.0
456912973503,727747049200.0
457072340715,779918786150.0
457088712906,446433269762.0
457198319902,128210482042.0
457200912912,127745328232.0
457307510610,455518908109.0
457309011308,924825355008.0
457331371011,276699247018.0
457426473612,579628611407.0
457594371902,423332213821.0
457803684309,805902791850.0
457956293800,946836761556.0
458036398600,497910801860.0
458093813702,536377551399.0
458288259617,987220038312.0
458390333810,351638013489.0
458442701503,970413739994.0
458541352017,595525475586.0
458612484000,683085707434.0
458729069807,100680487454.0
458735731215,522637179698.0
458736753003,843731344590.0
458776705200,910471171037.0
458887261603,912428060012.0
459087444008,818702462027.0
459089207613,774557953954.0
459194895600,129793999262.0
459207506502,498576189494.0
459250685703,953031660690.0
459508948810,353729032188.0
459566223100,145707840661.0
459917198113,100995600755.0
459955048913,483198159217.0
460054044908,801439288922.0
460075990305,901635720704.0
460152745208,939437109289.0
460193992108,644946521203.0
460203061701,788665707170.0
460242524401,284221765724.0
460294901118,771095135645.0
460366870708,284801681796.0
460427342509,549442469515.0
460572803716,404387650344.0
460592740901,342246526437.0
460649136809,800881657538.0
460857843710,109200577575.0
460861797202,827483003796.0
460923241009,686427422864.0
460926717302,743259455729.0
460991675705,261834989729.0
461042166002,708381366518.0
461066115111,967284175111.0
461101477502,910471171037.0
461210216904,955709793467.0
461244482007,310908411610.0
461490367719,513512977514.0
461537032180,439226466715.0
461560225302,671889073430.0
461587633401,639615257315.0
461670766810,357075464787.0
461768550813,931959818802.0
461776904812,789134540835.0
461789837114,488187841204.0
461864575808,640306776948.0
461891108301,467566346992.0
461966306013,207748816178.0
462022045603,919569099637.0
462075469412,877516947520.0
462078959008,349961625785.0
462135781801,588514433046.0
462139043102,686578826103.0
462142679607,819585791796.0
462282647105,247901214219.0
462295323900,967697287670.0
462324286611,466319014252.0
462385881807,167263800629.0
462404562511,774405534242.0
462422469615,129793999262.0
462455478312,793916579960.0
462497520817,805831335475.0
462507353007,680123549695.0
462508821716,558300061869.0
462552278810,219353313647.0
462565614913,280245900258.0
462571735515,790661211264.0
462635960810,571497959934.0
462746594819,535599687003.0
462751454919,760988049505.0
462820866208,116868723551.0
463031877405,247223296933.0
463083133219,204843511787.0
463184019909,716231147722.0
463409778001,380228208294.0
463497854201,466345238126.0
463569637017,551870185700.0
463658695118,944870778047.0
463737857617,349102432299.0
463743672120,191065154181.0
463842562417,886681609970.0
463866090412,171065586657.0
463871811918,831112509809.0
463899143009,785138622641.0
463931417902,453400622683.0
464453563203,930243698258.0
464535101613,401195477807.0
464560741602,958005755089.0
464608250000,360404476845.0
464905082419,212125361605.0
465006316212,789149465580.0
465065427401,949131194001.0
465233728515,991728055010.0
465251143910,965388443624.0
465335356060,360365800913.0
465572140217,995402833430.0
465581508601,736074393075.0
465630124112,191962597333.0
465755645717,868654257341.0
465851564403,827483003796.0
465852034003,382981147007.0
465925778217,442061969907.0
466034960814,886232831276.0
466038881208,783491793687.0
466054893506,307165830084.0
466094553919,740214521557.0
466187019506,550586881300.0
466312104019,326861407923.0
466356192710,935054825740.0
466392606514,712281851526.0
466883458508,959752782680.0
467003244207,539206272204.0
467027847418,332226328568.0
467302425407,812569203376.0
467332426106,115132067432.0
467529213619,577480384977.0
467575130008,848439498604.0
467646698020,618813862584.0
467649903717,125708778128.0
467675799206,102595518630.0
467970552408,815496546740.0
467973031007,670020416796.0
468034670702,630858447407.0
468108040200,695660800917.0
468139647809,987692178644.0
468269222605,102986043913.0
468269448315,381902266450.0
468286038511,163086171568.0
468356485100,759873343593.0
468407420314,464257588222.0
468460319606,965388443624.0
468526170700,957625022374.0
468530551614,551159578520.0
468561031402,373145085123.0
468628190800,354782656172.0
468716256113,825109646091.0
468751449403,306454585599.0
468849669014,205083781689.0
468957144200,571497959934.0
469006513418,958321809211.0
469047053000,439210638760.0
469081889040,194813640026.0
469199604117,541611768757.0
469214158315,477896416790.0
469272625109,763482347065.0
469285465509,954677745858.0
469307148818,204802270581.0
469334607160,377850652789.0
469389447704,574523846653.0
469499879410,279739436763.0
469617141712,205261359415.0
469619332313,762099568321.0
469698234013,347293140776.0
469758923411,245763983727.0
469782464208,928436698197.0
469794916114,801034355390.0
469809040808,629125728167.0
470025544604,956436229718.0
470039071705,991728055010.0
470254371150,174739685413.0
470333843602,349621200469.0
470350998606,922758464762.0
470375566103,873234338228.0
470493289218,790101315365.0
470593201001,851104247916.0
470764794216,393654763849.0
470845346002,465376630157.0
470908170112,267919826963.0
470932440314,230184971787.0
470985917210,270966746394.0
471005071102,955443810255.0
471093271700,343456043459.0
471204058212,999104288588.0
471337507309,212024658521.0
471433336310,578001261836.0
471655891806,967697287670.0
471657312302,588387149463.0
471760384316,886591177551.0
471827974080,425931243115.0
471859691060,468053061587.0
471868767513,116618543436.0
472248934915,497910801860.0
472380188619,934539230400.0
472459771617,443114352930.0
472509611218,762608171855.0
472651170010,967029881380.0
472711425516,924825355008.0
472804156100,272952869758.0
472806954400,384287738934.0
472838809308,219435696186.0
473144585130,807241154023.0
473186227606,349102432299.0
473317436080,924825355008.0
473355559200,626430250300.0
473409386709,169174466290.0
473435307518,999065644869.0
473438825310,161870668419.0
473480347209,581698638144.0
473497675206,307219715636.0
473609586414,840354585166.0
473615686000,865638526335.0
473698421410,420144843635.0
473710334007,325948474818.0
473853692203,306625463603.0
473871752000,252634963841.0
473915831816,560307193210.0
474246353704,283612965463.0
474262938816,721746404717.0
474284318614,803607447245.0
474307357900,322627784367.0
474341925401,526781731195.0
474431672180,104341445480.0
474433352606,277211799058.0
474495258213,427220123792.0
474591786411,204802270581.0
474663475808,800218958053.0
474764558216,451406724118.0
474868083603,737997071598.0
474889966105,935050117190.0
475041012513,523803941161.0
475106889103,649229929900.0
475134678812,910878647968.0
475145099400,566950386569.0
475249485615,291847206217.0
475277005316,964713951626.0
475343018102,136514175036.0
475369705004,101563653512.0
475412349617,105246016894.0
475455882900,517098604163.0
475510666112,283612965463.0
475521121518,299375763830.0
475570232017,912428060012.0
475709446150,510370401853.0
475728253606,230834082759.0
475805054612,515721991891.0
475902041202,967697287670.0
475915671705,805831335475.0
475933258512,122780671853.0
475992427305,983953104124.0
476022367614,152526597279.0
476034363310,561019356087.0
476048981101,981765484506.0
476091151100,477206724192.0
476127824908,187678453170.0
476186759812,113454731726.0
476219338306,167424030963.0
476261144817,163217902596.0
476275181311,420670717614.0
476284587705,355468059610.0
476368527510,907866805778.0
476460666409,457286553110.0
476534297505,321427390528.0
476658006803,356630384843.0
476701846812,975868481313.0
476870245518,365029402560.0
476926211918,185204149569.0
476949544140,970921222021.0
476979568505,392227311578.0
477087669205,170368087460.0
477233149314,838452691278.0
477543198306,515472032465.0
477573847214,800375071356.0
478034049050,976363799879.0
478127647210,713869520934.0
478146110817,531664153788.0
478147065606,860525929350.0
478154268005,422033983418.0
478277803110,561335498000.0
478286587701,467566346992.0
478356255217,858770549203.0
478376672109,923832771581.0
478457979112,368830544069.0
478474244413,807241154023.0
478560970401,334096336401.0
478666921803,395235160407.0
478947422116,138957254200.0
478958839100,560307193210.0
478982495007,533925662925.0
479009438713,355468059610.0
479068440117,928925434799.0
479148195304,983313540939.0
479174170509,283718352300.0
479181796618,523803941161.0
479271332511,779196589344.0
479298155607,298850548013.0
479331422612,930243698258.0
479671124217,797045594084.0
479718426903,831112509809.0
479837822608,937900793051.0
479843818914,851104247916.0
480116152315,505127796341.0
480153588108,633334152404.0
480174925112,124398520803.0
480214219015,952989244630.0
480231759610,584775813072.0
480236291100,269478368778.0
480337030214,216039051721.0
480395450618,640430047988.0
480585312506,263658800606.0
480776829806,443799415223.0
480782866905,240584021465.0
480911489207,630459597919.0
480922748505,355060093879.0
481024018519,995405986283.0
481075313119,692686425729.0
481184018405,191923451211.0
481190729806,776783468157.0
481205890613,532126243790.0
481336713715,443647627970.0
481338593918,898116171332.0
481425537908,569204090460.0
481451921506,865638526335.0
481482053206,764469437992.0
481485975201,955709793467.0
481607204515,403157576505.0
481620754816,719702324541.0
481666239701,140890672615.0
481743368305,495912918608.0
481891405716,311954169083.0
482019094110,974769138850.0
482086776509,187554387173.0
482301886302,865638526335.0
482412612907,788815909093.0
482434733040,457804526661.0
482449051817,776282348484.0
482458413405,397317536784.0
482460833308,932300131241.0
482487514217,625956140335.0
482559401806,136514175036.0
482612057706,864989941234.0
482721294605,860525929350.0
482756527302,284862495870.0
482905751108,991728055010.0
482996969006,591056385033.0
483016768080,907909613146.0
483086668306,347927858467.0
483153070418,273608054690.0
483155099712,244887574431.0
483386325216,642810878957.0
483420860170,382981147007.0
483431193509,875849084841.0
483466441610,616565505743.0
483479460000,141139702567.0
483586254218,282101591580.0
483609100103,750469590580.0
483834619404,793349862460.0
483877884003,319112547866.0
483892342909,514916468106.0
483930934402,401777035143.0
484055162150,712401025841.0
484119426115,989123590510.0
484460293407,516374294545.0
484515164300,398157317921.0
484541031110,577480384977.0
484583976606,395187854079.0
484698253007,191962597333.0
484721205511,379288181808.0
484923375419,931652149395.0
485084303116,932300131241.0
485282552009,908950669406.0
485358582709,621005337570.0
485362562080,306305322928.0
485455605308,954846447882.0
485499063605,279411486361.0
485636884111,341405732997.0
485863497610,466319014252.0
485895611900,230834082759.0
485902507108,764469437992.0
485958148912,671345693177.0
485976298617,693745110100.0
485992624400,954449245879.0
486082323002,264509275758.0
486326588810,331217591066.0
486339123080,447306837230.0
486434130203,629791882697.0
486548712414,906726701667.0
486613320608,110935422744.0
486638224112,941313476277.0
486676939511,389818409607.0
486845981809,285706256446.0
486872505014,220461474506.0
487096910506,288067492828.0
487311008206,453008662859.0
487499486709,425693804207.0
487570069300,628776301830.0
487774226502,542480221142.0
487813232140,230184971787.0
487859824513,939116382477.0
487956050014,583107758421.0
487976358815,306579962634.0
488030878806,760988049505.0
488132423817,337047087637.0
488144978407,495716879986.0
488281710110,197941452751.0
488330018190,100995600755.0
488511062112,893918665095.0
488675575713,956544569779.0
488726042102,736709587021.0
488863175907,189745349610.0
488988346006,793349862460.0
489122317618,957625022374.0
489124494101,467566346992.0
489160969115,451311526236.0
489187476300,713477415082.0
489212258711,745794331700.0
489333708816,220461474506.0
489399042140,796270433976.0
489459494414,349621200469.0
489640150900,163217902596.0
489724518406,553280589959.0
489724874030,306305322928.0
489752438407,883408069486.0
489863931519,571199595170.0
489903062408,817310419677.0
489913668416,980633257858.0
490043587600,170067168140.0
490356293116,225956965779.0
490438746511,136211867485.0
490458529312,767477544326.0
490474717514,647845993507.0
490523951700,826901962255.0
490526350314,106397579461.0
490536645015,582822283274.0
490564783513,551870185700.0
490588231217,943216022128.0
490614468106,953280067400.0
490779731407,352335411645.0
490780712517,600091519028.0
491160353916,716788644341.0
491264298414,309322784113.0
491326080506,957625022374.0
491408095703,219035351732.0
491428449415,457765057674.0
491444131700,240799561922.0
491643044506,503099993692.0
491854626405,226949527314.0
492081388100,466345238126.0
492155274503,880842938614.0
492168326319,500647653382.0
492347357613,137952614754.0
492508373010,452485212113.0
492681285611,517940519005.0
492703878180,873680371957.0
492722259319,880453226182.0
492749836610,500643886205.0
492791011918,158508117910.0
492935211600,722223128535.0
492942931109,402249311707.0
493045487205,960674243357.0
493140978918,617486560884.0
493216319301,250233768490.0
493233250617,438583926376.0
493259927912,738424136164.0
493294227814,936325347962.0
493334990915,740961974413.0
493347716103,650552093510.0
493414217517,308074355892.0
493451319916,237854907680.0
493483933407,306796326021.0
493508913200,153329746164.0
493541914906,848439498604.0
493590746400,488187841204.0
493590995108,416204938282.0
493594224210,857222207300.0
493604161712,511023985483.0
493777878318,763622877481.0
493895436408,597662027758.0
493954744060,685393680823.0
494099271101,493913305943.0
494128124303,138222563393.0
494220585103,846335307403.0
494259494914,701741195947.0
494318775217,750435115200.0
494462476704,320859887531.0
494672818607,880842938614.0
494678732119,487888083895.0
494708676319,403321283919.0
494886676170,219035351732.0
494939203608,310210915462.0
494948485603,539919422297.0
494996673519,211148260377.0
495105090115,558300061869.0
495172780808,644946521203.0
495406232505,368830544069.0
495438222060,445402155935.0
495490164020,300656870253.0
495505006501,867643972193.0
495541800118,544398032367.0
495617828308,309306761570.0
495640734707,821884679536.0
495693992118,133135124023.0
495831815205,306796326021.0
495860902807,318861165728.0
495882623215,511079467030.0
496197245309,426097272894.0
496366870607,481524551011.0
496437789012,551001429299.0
496447646311,511081344627.0
496481929804,498326322368.0
496738977703,203676163130.0
496924009190,974769138850.0
497074069618,806429279020.0
497268668915,771321067649.0
497319884619,421113542053.0
497343940120,123451305973.0
497388472110,631233431817.0
497410837400,294943397516.0
497471827906,832788478530.0
497476596310,848439498604.0
497527986514,832577032496.0
497571759205,987157946909.0
497712556160,810075681480.0
497798748801,730217330795.0
497825024007,793349862460.0
497854742213,760564644918.0
497952269415,890200738607.0
498001892002,790661211264.0
498047137203,150801800340.0
498109056803,807241154023.0
498144758110,409336484582.0
498286233616,713477415082.0
498286807706,380826140274.0
498402696510,205372715065.0
498493544815,561934508086.0
498531643503,831112509809.0
498538822611,917109698948.0
498541889302,692686425729.0
498545186212,681081706704.0
498600261316,597016388090.0
498633577119,588514433046.0
498646444104,802692269332.0
498786922914,583107758421.0
498863413507,885860596812.0
498915355003,628699122590.0
499014382301,449420565671.0
499092131813,628776301830.0
499153270312,591056385033.0
499238753600,451698309653.0
499365216904,987749749230.0
499398221130,230834082759.0
499533189315,617486560884.0
499594545014,652056527909.0
499696696712,443647627970.0
499717888009,513499612018.0
499754441908,712281851526.0
499792444219,211420118311.0
499857667316,361093869305.0
499869217318,801488447231.0
499912033003,394106206387.0
499938415207,886955125660.0
500001380710,359355814997.0
500051569617,685393680823.0
500123477140,281908696252.0
500259192201,366215104249.0
500284723718,712281851526.0
500410185108,550964081146.0
500568881210,524563312953.0
500600041608,447104839575.0
500718933103,468158057880.0
500744890514,934539230400.0
500768667411,193509092966.0
500875127117,781085688407.0
500899563502,666049351720.0
500941925203,569725163603.0
500953534706,407009999209.0
501137376504,627317796717.0
501201889119,357604450500.0
501247491407,967697287670.0
501249901610,621987433025.0
501380389510,356054113353.0
501454569508,211148260377.0
501491454817,894966720600.0
501650954818,853900674777.0
501676653907,717065165845.0
501825631713,970426885002.0
501885140004,642365587218.0
501939422017,736074393075.0
502003612610,217549624731.0
502022023209,230834082759.0
502073202302,852146532843.0
502079702218,467566346992.0
502188430004,379029503250.0
502198717813,864989941234.0
502359159301,118013534981.0
502503508407,793349862460.0
502586770217,359355814997.0
502596102120,642810878957.0
502748855018,486807430521.0
502799772807,936258274112.0
502989386715,997662711433.0
503043268302,973599578455.0
503064437403,425693804207.0
503354314600,352598911990.0
503376147904,976955382074.0
503473856601,280800495360.0
503565900500,706178563284.0
503586958512,421156421190.0
503658484100,889906127161.0
503792353310,253581878562.0
503849027815,273625416949.0
503851300416,981979178449.0
503868046410,336082157544.0
503876288011,571497959934.0
503951429617,979009009877.0
503952584207,773279884449.0
504031016202,774405534242.0
504037188011,922758464762.0
504097451716,303343926896.0
504098027211,337047087637.0
504159024107,662379198850.0
504203150107,406976619436.0
504377985108,725596135810.0
504419784900,573145600612.0
504534057910,779958898807.0
504592535512,831112509809.0
504775967400,733752243839.0
504816576416,290411505929.0
504844041000,630022347704.0
504904117404,987157946909.0
504965693412,722223128535.0
504973212708,919601818132.0
505075368302,750521561440.0
505120319020,881559318595.0
505160213619,523126888036.0
505161498813,640291701179.0
505165437505,561934508086.0
505259759102,347549911323.0
505361319208,884005841340.0
505463093108,110884542913.0
505554154100,647845993507.0
505569809703,400233202355.0
505675034811,981979178449.0
505700151716,456263622577.0
505768151217,160556205251.0
505772883403,382042337021.0
505792209916,498576189494.0
505795477718,944365015914.0
505902748404,918450477017.0
505908122719,284862495870.0
505916453113,651018415244.0
506037269611,987015453294.0
506057058711,694040179641.0
506197636611,884095339917.0
506271740090,115182444213.0
506372495117,214894109917.0
506509002502,989123590510.0
506550760412,497910801860.0
506674860015,853661054140.0
506690658615,953145608562.0
506779031150,353729032188.0
506784469508,441505700457.0
506894205403,369455075967.0
507006169110,454766941859.0
507082571113,978263259013.0
507142778414,433805942443.0
507291290915,745794331700.0
507515489090,789134540835.0
507871988410,869744623729.0
507886063706,836652255589.0
507890499202,332454600129.0
508079819806,216039051721.0
508095772101,560307193210.0
508282975507,117202038490.0
508395024800,414651256195.0
508401996812,621987433025.0
508402443014,919601818132.0
508406348110,673712261640.0
508689424004,380622626827.0
508805426014,736709587021.0
508805671309,467566346992.0
508924400701,846440239782.0
508930652506,801295640447.0
509139549301,575132512410.0
509212888303,407009999209.0
509230431002,621987433025.0
509290231516,886487779278.0
509340841110,549636449528.0
509424189406,595400487249.0
509529437213,199667405524.0
509552705000,846911854740.0
509745397016,931652149395.0
509752547904,650581544120.0
509847058406,785377510625.0
510060627606,962885690344.0
510123252310,968956724266.0
510128202714,693130248531.0
510191734716,128484364213.0
510308722303,566950386569.0
510322584314,366927779441.0
510330433201,684579999358.0
510349353908,557114828919.0
510584102512,955797631056.0
510639001213,870259977651.0
510692862610,456615300420.0
510706929700,455518908109.0
510826345102,524563312953.0
511002862608,871983273002.0
511048237030,382981147007.0
511065125217,498723973709.0
511066856114,488890646184.0
511114151211,629705005398.0
511168255903,468346516579.0
511298268015,812506860337.0
511417275901,114208042116.0
511508721902,912726787345.0
511530274805,264088777932.0
511596605006,106036198731.0
511688334415,700076470973.0
511881918916,538052932615.0
511886221805,762132658853.0
511896710711,335958487187.0
511940904512,686694562690.0
512034694918,511081344627.0
512055523019,764469437992.0
512113981200,755145158000.0
512225658615,628626216221.0
512336506909,360077205703.0
512351187719,357604450500.0
512376063600,860717274111.0
512497980708,105598579482.0
512516861902,349621200469.0
512521995190,382319141926.0
512638272905,664425595770.0
512639786918,747931947120.0
512662178714,374505616495.0
512705307015,306796326021.0
512863403030,101802097495.0
512924543702,113247672699.0
513206589618,274181415916.0
513397716708,456263622577.0
513427764612,210990262934.0
513470162816,626430250300.0
513649467614,426097272894.0
513770288511,103317127411.0
513796201705,486807430521.0
514063458907,689656129001.0
514076796710,965710546765.0
514099021314,540213901380.0
514108628017,539206272204.0
514173067408,698992207761.0
514382871100,846440239782.0
514432199000,970282776855.0
514474009130,517742748511.0
514549661600,939532042220.0
514556958070,426642430939.0
514693743311,240584021465.0
514752951514,367772860584.0
514783542130,482460032535.0
514997492802,806429279020.0
514999717903,573553493465.0
515075274000,931652149395.0
515080235210,454993852980.0
515158129105,975868481313.0
515221655503,556713048284.0
515316022705,244283233917.0
515521821802,626430250300.0
515847938130,374505616495.0
516037042040,257902491991.0
516038478700,593824885363.0
516069937307,912726787345.0
516102998180,970413739994.0
516135551218,976080994319.0
516172904200,894966720600.0
516296447050,526781731195.0
516410893000,101559921902.0
516580504170,708974061055.0
516693162405,715361146234.0
516753512511,360855339041.0
516864294818,976161999292.0
517080296802,425007206914.0
517082566518,566950386569.0
517223106501,235450391193.0
517328588310,970426885002.0
517340818600,158508117910.0
517428107313,103539144205.0
517458664003,554238096385.0
517460841810,504226875639.0
517501724160,729365747859.0
517528651804,890580664180.0
517579581809,803607447245.0
517628328409,973723041865.0
517748397706,173710676890.0
517840647204,862574059583.0
517869138714,720954062958.0
517916646402,271606323631.0
517991236417,540124670282.0
518005047905,157991999601.0
518103639603,776783468157.0
518279776808,471788877652.0
518370069140,137791749281.0
518434575101,430742896955.0
518443181516,805254441275.0
518467252906,789867410052.0
518511744012,311214200926.0
518519121403,218599603848.0
518532222090,951643071037.0
518653161908,719702324541.0
518744401400,695568750364.0
518825155215,549636449528.0
518872041201,457284930631.0
518911826050,360028705509.0
518979641715,161318028262.0
518991492010,788527575500.0
519133827800,565895115349.0
519145524902,257902491991.0
519147243102,622797326730.0
519357740100,429356960459.0
519538529015,917154959110.0
519608556001,625300901663.0
519641651003,407392911299.0
519775344917,159369033090.0
519855150507,626430250300.0
519931991090,805376733456.0
519958697415,990341776106.0
519980942212,381538151896.0
519989681910,258756157654.0
520030915901,106868597720.0
520111074105,774790615750.0
520218401600,284862495870.0
520232668317,539129945400.0
520441643806,567094839304.0
520462600308,323805096840.0
520479589103,578847016641.0
520482237006,625444927087.0
520500248016,986924941057.0
520601465700,462240084840.0
520748701900,963661778050.0
520819459718,202971080983.0
520826826614,695568750364.0
520873216204,514720326712.0
520965469819,359343403801.0
520972861204,886487779278.0
521037020080,779365792577.0
521175497105,178003535513.0
521269021903,751723326481.0
521463839612,206762622675.0
521465717316,384802647054.0
521493786706,761543425761.0
521563923510,524235908223.0
521569917610,401777035143.0
521570000806,478257783607.0
521608746718,571084140978.0
521615099108,894966720600.0
521750259907,397586996312.0
521828912506,884095339917.0
521874330901,275045309295.0
522002460404,601978395850.0
522157512501,237207222154.0
522174181216,637467916719.0
522292598104,540673601727.0
522382660816,877231899359.0
522413461717,740961974413.0
522437339702,226597947729.0
522512152615,451698309653.0
522699548060,347745483760.0
522742034160,197941452751.0
522752737411,840961741530.0
522789547409,480844958302.0
522876193908,648618946679.0
522918375309,803607447245.0
522933419015,218145185534.0
522947110305,780290183470.0
523007856170,443367384714.0
523040077050,406339147423.0
523193495017,360799477808.0
523258906414,736074393075.0
523262734112,928925434799.0
523337961900,782659300337.0
523398366040,563059587350.0
523469455401,818702462027.0
523523761605,366306075980.0
523633490908,683798406406.0
523855443519,662819608598.0
523871449816,870992847587.0
523909065718,880453226182.0
524021160215,618542440960.0
524093512203,167424030963.0
524124521808,553280589959.0
524200746112,912726787345.0
524217272709,225333897344.0
524268938117,220114967848.0
524280878007,444202365030.0
524630874190,861140573631.0
524636683015,176391354996.0
524651488203,361077198388.0
524704930515,880453226182.0
524811469015,732211167750.0
524834950407,137791749281.0
525085593410,583976147665.0
525224325502,443647627970.0
525240456617,498326322368.0
525635438306,745183418346.0
525707147709,127279233329.0
525741779309,221541656353.0
525764394608,960265745469.0
525777278101,517098604163.0
526006114607,438583926376.0
526024797013,462542524026.0
526116868810,277211799058.0
526314146211,983313540939.0
526370882012,729352451324.0
526425979810,161245845297.0
526432171811,702899384300.0
526449020819,732291984090.0
526492306415,439388065045.0
526682197901,689252096434.0
526699703415,850612288431.0
526761791815,587708069843.0
526934250518,471437522832.0
527101499805,899608609946.0
527146803000,404707969921.0
527170257401,361093869305.0
527208105411,572543943417.0
527233759607,713477415082.0
527274248211,413143055162.0
527276273607,173492550365.0
527305796516,942040105619.0
527313166112,992994812612.0
527355800401,611992395446.0
527497420410,881345088267.0
527513855109,458865034895.0
527633374219,849369479734.0
527723277215,693076930951.0
527840454130,808167480066.0
527846649815,486807430521.0
527906393407,325449051173.0
527939095113,857888701621.0
527958424919,271936096806.0
528108118407,112674682810.0
528113071404,617486560884.0
528135094160,501151382510.0
528221762905,258756157654.0
528303590700,692686425729.0
528389932817,626452523210.0
528447553607,311708790467.0
528509210118,779140581705.0
528645617216,572843281994.0
528835735403,434313163800.0
528839767700,659327217749.0
528895782605,270320256710.0
528983671406,549636449528.0
529050883007,577480384977.0
529096168205,970426885002.0
529121107803,273625416949.0
529136473170,968301770249.0
529170985413,655899553626.0
529185330007,450096410412.0
529256117303,127237826962.0
529268910916,841904656165.0
529282935709,937643398470.0
529289481712,790101315365.0
529299160614,424713644447.0
529402419208,662026959880.0
529436595015,992451613674.0
529535834111,584286874371.0
529594666800,441775365344.0
529625586400,141139702567.0
529684755009,240584021465.0
529718146818,102644866539.0
529784076512,646945911682.0
529843774100,516869125759.0
529926260904,628699122590.0
529993102613,683798406406.0
530078598000,947382571811.0
530108391316,607002971669.0
530133404211,791609791935.0
530168820801,807449111230.0
530179215004,851480153834.0
530209343903,219035351732.0
530293085206,161245845297.0
530582489609,981497446971.0
530654553812,505508123434.0
530774165206,968305328863.0
531041945404,938165576989.0
531166470204,793349862460.0
531307589014,471125483124.0
531312206040,754937076034.0
531324909802,532166438139.0
531491514101,163217902596.0
531562125206,901635720704.0
531564716502,782610251238.0
531664139413,549636449528.0
531735314310,937643398470.0
531758192000,745183418346.0
531774851313,437688835432.0
531784046209,281906827782.0
531801982318,357075464787.0
531946459600,412366915718.0
532049472317,983140359644.0
532057789040,832577032496.0
532232527401,743437890485.0
532260083917,608053367682.0
532376460109,852001413727.0
532754479501,426090350017.0
532890986513,732104739680.0
533140807615,832816222779.0
533236595608,648618946679.0
533328549518,638730785078.0
533365113207,937419893260.0
533655830303,665410281744.0
533678762113,997662711433.0
533693534203,764469437992.0
533808824410,283689037297.0
534148583012,620197260152.0
534162160504,405764140161.0
534196255603,842178726269.0
534224554100,465376630157.0
534284703707,877516947520.0
534545043009,625736811687.0
534670347114,832816222779.0
534816882211,880842938614.0
534921968110,583976147665.0
534922533607,443933965322.0
535088238215,808098810621.0
535210284904,826901962255.0
535241345204,167424030963.0
535536495170,766406698847.0
535554023908,805902791850.0
535580688905,790661211264.0
535599598705,489248885909.0
535791263602,564243896864.0
535869475718,557473299749.0
535880483404,726591267208.0
536088412811,357604450500.0
536125081613,370831751793.0
536270639418,112768695970.0
536311107907,583107758421.0
536362660110,649910998984.0
536450900307,127138717567.0
536578855616,688276188400.0
536643753215,966019682205.0
536750489308,797045594084.0
536765455419,462374703110.0
536765797105,851384712636.0
536832904618,184958069852.0
536844272601,566271473127.0
536853983200,288067492828.0
536949431907,913623990503.0
536949563201,591283087644.0
537018358905,725128038619.0
537062760615,211651041661.0
537064482718,565500323119.0
537088509904,958321809211.0
537100571213,227627760239.0
537101750118,262639280994.0
537138212502,210990262934.0
537186805718,193509092966.0
537195144111,361093869305.0
537259117030,779289438946.0
537359466617,191923451211.0
537532470219,342246526437.0
537617878918,707055000245.0
537628249018,269328211560.0
537661599914,469395117752.0
537707352710,629492023440.0
537726321207,342246526437.0
537799503501,886591177551.0
537800346811,360799477808.0
537942901101,443114352930.0
537962600060,321821050981.0
537984858818,570646931023.0
538057675818,353915390730.0
538095951509,197531331119.0
538297420213,621491787152.0
538372266160,663717092434.0
538550183505,273625416949.0
538595113210,706178563284.0
538670136211,247213538548.0
538672885919,703688013950.0
538831773815,171252875559.0
538971270100,292206657594.0
538986298609,468530712577.0
539030202917,915819590692.0
539116290917,341768194892.0
539236976406,136514175036.0
539353648809,900143341205.0
539745676611,682707906365.0
540171400200,229896085700.0
540260251160,646533089905.0
540284003016,714653016659.0
540286744509,383672610491.0
540326517600,109177414529.0
540359241200,462240084840.0
540425498101,620197260152.0
540476277140,377359117058.0
540505332814,466516973397.0
540546305516,471749637486.0
540619749017,117658968911.0
540739058003,981190233602.0
540773547111,640306776948.0
540807921806,145321091171.0
540881033919,511079467030.0
540891164215,629791882697.0
540907351401,798724246456.0
540916265109,620883261953.0
540982738114,868461294982.0
541098930120,112674682810.0
541101254119,488126315747.0
541109295606,559339952210.0
541346398414,125229281120.0
541366562016,278992179630.0
541391546603,797045594084.0
541438736907,643032064643.0
541608090700,893286402448.0
541937536709,421113542053.0
542054905510,469856027449.0
542127531112,681308028784.0
542350219410,547756604233.0
542450808190,893286402448.0
542486753613,768893490929.0
542548561012,962234791360.0
542617819710,651076418482.0
542654574207,353168076937.0
542698970901,406535042557.0
542707258005,779196589344.0
542856601507,606279904557.0
542884888002,173817907479.0
542955355719,109200577575.0
543113808806,517940519005.0
543149260312,583976147665.0
543261100001,237328248043.0
543318492703,341405732997.0
543319544809,976406890863.0
543365790210,633653064676.0
543403832100,632096193552.0
543413626609,441776164085.0
543430972000,650715180830.0
543793341604,894962824130.0
543833354512,797045594084.0
544137468103,380826140274.0
544267037006,575978748693.0
544298201014,340671890336.0
544348517309,743437890485.0
544399254704,355060093879.0
544474431800,903784295803.0
544486360707,853661054140.0
544633753070,680054876236.0
544704245910,558300061869.0
544754604208,682465582875.0
544830944407,991261569593.0
544922779012,481189496155.0
544975762119,404434920850.0
545204208503,952121286746.0
545503579317,281906827782.0
545550372909,726591267208.0
545606295109,319112547866.0
545614294618,167263800629.0
545711749215,330682173291.0
545917842160,717141133881.0
545962705705,193509092966.0
545990280900,224222468341.0
545996275307,789649299990.0
546024140010,110884542913.0
546035207503,965679007279.0
546206060100,763915906796.0
546331410905,103539144205.0
546335561050,959752782680.0
546365791401,372835137270.0
546506564408,469856027449.0
546522603308,654062474593.0
546607012416,558844976270.0
546751857100,401777035143.0
546754279117,137791749281.0
546828311111,869783452100.0
546876321803,619789204917.0
547008694106,658436433954.0
547071575702,679598515802.0
547075723311,357075464787.0
547126257907,704968827504.0
547138395000,714653016659.0
547236022102,414093030077.0
547294905914,397081534961.0
547355215215,922758464762.0
547386991913,870778890939.0
547394524900,945473299358.0
547464362517,336082157544.0
547494819300,834726819059.0
547498454214,967697287670.0
547714389402,757228637822.0
547996549815,988208667077.0
548098832102,202909972490.0
548101283215,664790186080.0
548111502304,711728317650.0
548227072414,737997071598.0
548325665819,775271934803.0
548388711613,994324986803.0
548395415207,462240084840.0
548431133504,915819590692.0
548565709107,957625022374.0
548618367812,869503121608.0
548665350418,563385865415.0
548671935908,965388443624.0
548699861502,107486437738.0
548809796416,220334512519.0
548855267207,963661778050.0
548859259002,991261569593.0
548883827211,729365949974.0
548888397818,805902791850.0
548906485090,886681609970.0
548965337111,241382338482.0
548993513715,220461474506.0
549003745905,870259977651.0
549038334008,693745110100.0
549148513109,848439498604.0
549228272010,662819608598.0
549446081610,317503731945.0
549467155411,613821930927.0
549486073204,943216022128.0
549516605908,224119113218.0
549690483712,745794331700.0
549761550809,154620856797.0
549821587107,480844958302.0
549932533400,282097665278.0
550038515704,909745966120.0
550150052412,682633510239.0
550300866906,563385865415.0
550338988416,108881372484.0
550342253219,889906127161.0
550343610104,755337816370.0
550446563608,803607447245.0
550448493612,224815830672.0
550472976912,997886386486.0
550526197303,626430250300.0
550533474110,448258896637.0
550534286302,690988570552.0
550541140070,214894109917.0
550830047090,803607447245.0
550979045818,349911931262.0
550986184615,406535042557.0
551022507617,772227781134.0
551068324115,413756713455.0
551132965214,467566346992.0
551175668213,448258896637.0
551199880107,996491533305.0
551261223700,497537812310.0
551499830200,663569216745.0
551664012504,269869762242.0
551755240118,102075977289.0
552148759715,477206724192.0
552242300205,818173612468.0
552326907412,978017262177.0
552354720013,417504718357.0
552488458120,978344849106.0
552523721500,426097272894.0
552536007513,539003589072.0
552558538309,532527860967.0
552652674512,694550688092.0
552679858006,587341210336.0
552754994305,141139702567.0
552778604713,421113542053.0
552810208315,377359117058.0
552853543006,914751286758.0
552889271212,440282987976.0
552935223502,560156183220.0
553110190700,951587392070.0
553295990204,257902491991.0
553311945218,137791749281.0
553339722030,957665146586.0
553426121904,617131023707.0
553448906306,309220474972.0
553464156010,511081344627.0
553568258418,620197260152.0
553666962812,980045284845.0
553736249815,448258896637.0
553861490015,511458337101.0
553881214619,540124670282.0
553908294716,767262027955.0
553935575818,565447457244.0
554018390114,636669438942.0
554085164816,619250977772.0
554255849812,867643972193.0
554338168060,197941452751.0
554606764000,540673601727.0
554612280316,255073254773.0
554645475510,445422463443.0
554700278417,459391554960.0
554814642414,800218958053.0
554815694016,522637179698.0
554833100618,204802270581.0
555021085903,440994126470.0
555058432110,789134540835.0
555173154716,388902763931.0
555200295600,102075977289.0
555218750204,981190233602.0
555226220000,569007420250.0
555290556118,335399835614.0
555418990080,232646684943.0
555709214311,342201294751.0
555749292809,425007206914.0
555751293302,601565767049.0
555846018413,156767932900.0
555855085809,456615300420.0
555865548412,128210482042.0
555867400014,205261359415.0
555869559411,133331307000.0
556020598017,730340479104.0
556039824517,213271253576.0
556138595006,220114967848.0
556198637012,705833752825.0
556317656908,837895141759.0
556496996100,681308028784.0
556538949510,401242082240.0
556749992816,963787312649.0
556773963017,984375353100.0
556893390202,240672509858.0
557101511919,438583926376.0
557109740410,791073387888.0
557416771614,593082733705.0
557424843204,583108650769.0
557445062505,749383309234.0
557522777708,907950433896.0
557547242711,846347274600.0
558043473617,140890672615.0
558054554812,576639971515.0
558132437904,266109945145.0
558189980914,565500323119.0
558199805111,997662711433.0
558303759112,959752782680.0
558312088712,209548028761.0
558416131130,604161110619.0
558478011508,190360620644.0
558601861300,448258896637.0
558640407013,577480384977.0
558657079190,375377502592.0
558872477501,658913680566.0
558964184301,731979514608.0
558970437201,708381366518.0
559163707817,461167593390.0
559170808019,239539128922.0
559178652109,976406890863.0
559227856012,397008900080.0
559236873413,374988930244.0
559281971910,483490533875.0
559938558602,181713516307.0
559946301190,831374290211.0
560045609002,549933708240.0
560183103609,955443810255.0
560213458805,578172216237.0
560216516103,138404489039.0
560245483015,356054113353.0
560269910111,552168150469.0
560420178307,903784295803.0
560423598608,284740906289.0
560441203619,955709793467.0
560448841017,521939528930.0
560477789414,991728055010.0
560496560100,167755951720.0
560501722107,970020482623.0
560694492060,442061969907.0
560697164408,834258039635.0
560750411100,125229281120.0
560774541708,578172216237.0
560793512411,596429191406.0
560837474609,652324715100.0
561012306608,864989941234.0
561066905616,561934508086.0
561223280150,250233768490.0
561329220701,576015948162.0
561408397419,513512977514.0
561454633700,699542607016.0
561457614508,803607447245.0
561470788119,976012302370.0
561504439301,291847206217.0
561782775800,163217902596.0
561885043130,301340449222.0
561955633000,607524800235.0
562202693150,380395267044.0
562635807608,219035351732.0
562661777113,884769074746.0
562844741911,181491422174.0
562851487213,985893215240.0
562977919710,438583926376.0
563050003703,405397917836.0
563098444817,265656162391.0
563103799708,709261315472.0
563166246407,646945911682.0
563228004602,847663392152.0
563341182503,955797631056.0
563426236800,314310756218.0
563473024711,968301770249.0
563483413810,105246016894.0
563644886406,518870417303.0
563649024710,641528871038.0
563658467600,487198233765.0
563706512012,492502018353.0
563743824905,476906974810.0
563826022003,220461474506.0
563924671090,928925434799.0
563952325713,539003589072.0
564043817307,967284175111.0
564047214518,176163126960.0
564119069113,418312767513.0
564192849615,626430250300.0
564194072705,743992929134.0
564352551801,665410281744.0
564540064500,776783468157.0
564584172404,265656162391.0
564599391700,222371425290.0
564639242003,962008075355.0
564655039304,942533493170.0
564669357304,926101199221.0
564678594414,616493556242.0
564701913317,413171982547.0
564842228208,244887574431.0
564934317202,794226330366.0
565032103505,326152769961.0
565058919106,148836824425.0
565121401811,500922335057.0
565151265216,745537834176.0
565165137080,546851444575.0
565171210808,809346003406.0
565177209604,228159547172.0
565310666205,191962597333.0
565384710507,873965673695.0
565435902101,360799477808.0
565611958006,375377502592.0
565666420104,807241154023.0
565978915512,766627766512.0
566003550210,332328206377.0
566016195509,908795208310.0
566044482512,797045594084.0
566120613313,925994934652.0
566189489114,422033983418.0
566342962000,424713644447.0
566535675706,466018351154.0
566566663705,356003559972.0
566682523905,645622251793.0
566874489913,577548003968.0
566946419607,463420603148.0
566983192307,958278320036.0
567144707310,954449245879.0
567226820612,275561067480.0
567375481805,174471722221.0
567427104705,271065678535.0
567458848405,426642430939.0
567483130007,839284226998.0
567514578915,318011300214.0
567521805303,678397441848.0
567530466316,300656870253.0
567576085914,311034258170.0
567619804209,985893215240.0
567687368017,124705515070.0
568334857601,441776164085.0
568354282618,539003589072.0
568563354003,462240084840.0
568593729419,667772748466.0
568697599606,621543732578.0
568787555060,641923451984.0
568868821501,218145185534.0
568904144019,825144558878.0
568972661019,335127631639.0
569285583317,352570280934.0
569337013711,730721478912.0
569490121701,689656135540.0
569495083113,951914899826.0
569616209002,937643398470.0
569786282150,173968093531.0
569816089800,646945911682.0
569962651100,807241154023.0
570056323120,128287563098.0
570259174204,127745328232.0
570543893412,320024883397.0
570626040709,474907418435.0
570671826407,655112896655.0
570704071101,661508798586.0
570865393204,441390486279.0
570884374514,605054008590.0
570902236901,106341168477.0
571054591709,341405732997.0
571067468011,786052459707.0
571072421606,536926000103.0
571081387813,632096193552.0
571363822005,716793400897.0
571429080600,540983807470.0
571502100040,387723012574.0
571828356400,651076418482.0
571994627300,241382338482.0
572038195113,403770358340.0
572115894315,306625463603.0
572270740918,751559736956.0
572479126613,795353979910.0
572520839409,618434161412.0
572624672603,499802581718.0
572764383714,877922108082.0
572793627902,678930159938.0
572866074016,848663356186.0
572947515204,518027848830.0
572949986608,103317127411.0
573026694510,589044208535.0
573131307006,918450477017.0
573132587140,766406698847.0
573157448113,777098154797.0
573163286317,578172216237.0
573193959906,995688977401.0
573352475180,880842938614.0
573425743016,191962597333.0
573466151807,877922108082.0
573714126115,683085707434.0
573724288006,833817805696.0
573865141719,205261359415.0
574003869600,814817194714.0
574245007301,582827107250.0
574270229417,219035351732.0
574342536120,584775813072.0
574382852401,532208497588.0
574533418500,782659300337.0
574671603602,729365949974.0
574816474113,936325347962.0
574853090511,518382414521.0
575032127417,110884542913.0
575165876819,343456043459.0
575184516117,268214474269.0
575248699807,732352124933.0
575286515401,662379198850.0
575308261700,792925544623.0
575358359708,377134783300.0
575526199307,844119722055.0
575699043717,219035351732.0
575728107902,705136763003.0
575868296406,722223128535.0
575947383703,468530712577.0
575995880116,743259455729.0
576031858707,970426885002.0
576106829016,813187472160.0
576217818816,861140573631.0
576247498216,536119960714.0
576285682203,974839396291.0
576347780100,365870180565.0
576565600119,334147821545.0
576787061211,801439288922.0
576885658811,981906233833.0
577129040915,540983807470.0
577166494010,373145085123.0
577186626702,886681609970.0
577210077917,190430799087.0
577322735101,912726787345.0
577346888117,257202437362.0
577461144901,980742915800.0
577478096109,219035351732.0
577608911511,742932349412.0
577711642900,585421590272.0
577725403216,468053061587.0
577885720616,581528503432.0
577928518508,631012135146.0
577985253519,618813862584.0
577997761060,593082733705.0
578009972409,630107429700.0
578016023708,560307193210.0
578069560404,852001413727.0
578390165214,944961889596.0
578527678714,230184971787.0
578536117505,305912395518.0
578555550120,593139725044.0
579286512801,462240084840.0
579288057419,876077419316.0
579357251308,794605711686.0
579455720403,134817234042.0
579568502415,878516405417.0
579698494407,858818874364.0
579759982418,932300131241.0
579811665119,427699899903.0
579938614204,558300061869.0
579984533907,797482601861.0
580017527417,365029402560.0
580204988110,862574059583.0
580208241603,910471171037.0
580351445711,518274541193.0
580459401217,567507789351.0
580699731118,811331914120.0
580709928417,425931243115.0
580797759919,730340479104.0
580842131418,431254611603.0
580902393119,276302293052.0
580907026004,255150580425.0
580961709407,953145608562.0
581089165707,750657160084.0
581120855407,941654374516.0
581364294406,682633510239.0
581451452020,237148356717.0
581497996001,527060739493.0
581523472116,693076930951.0
581550301310,210328030410.0
581578522702,859839357186.0
581700919702,889524816888.0
581706748306,160896153162.0
581714482600,912702947875.0
581809850618,779376277769.0
581865304208,425693804207.0
582036514907,621491787152.0
582047950140,712281851526.0
582049899802,682633510239.0
582425900311,321427390528.0
582470702117,746264113144.0
582510466411,636321331695.0
582568791804,211785884381.0
582716832617,154620856797.0
582746635506,767861761746.0
582910114019,220461474506.0
582954322403,495912918608.0
582959096416,626430250300.0
582992516410,261834989729.0
583027371207,142299109862.0
583033647510,282097665278.0
583161303218,871106357750.0
583176558406,488882216559.0
583222120813,217681685720.0
583268844050,482460032535.0
583359130604,886650155609.0
583458611217,837895141759.0
583627627617,332078986205.0
583856344308,717065165845.0
583915775416,786260477480.0
584001938110,489124396787.0
584156034608,427699899903.0
584206363180,101563653512.0
584294513110,464542719779.0
584325868413,886242399835.0
584329286616,403803508193.0
584575818217,482454707180.0
584582482819,192052858130.0
584757165812,193509092966.0
584781197906,493343992417.0
584781860003,925595477418.0
584979051910,561934508086.0
585104564209,757880286381.0
585200476811,819221073950.0
585259559412,607480377570.0
585409830813,637467916719.0
585528692811,847375665920.0
585552130914,810863134018.0
585589912005,830349972170.0
585592941316,876615642608.0
585738426012,113454731726.0
585788788613,350075485344.0
585875147019,846440239782.0
585878099714,850612288431.0
586041403115,639615257315.0
586128571101,430456369750.0
586158026517,697145331232.0
586254910715,858818874364.0
586257684117,145321091171.0
586320467009,511458337101.0
586530179412,924825355008.0
586570963017,153329746164.0
586654087715,686694562690.0
586687844012,469044277635.0
586759669610,540673601727.0
586828302714,924825355008.0
586842302140,111927613889.0
586986135070,367772860584.0
587186390619,111829939005.0
587491888211,884095339917.0
587495183180,435137065350.0
587510471212,954677745858.0
587538150313,938178509082.0
587649866606,646945911682.0
587743855603,740961974413.0
587944811314,650715180830.0
588140067170,571497959934.0
588254841714,729352451324.0
588260720515,290188686907.0
588262173090,617486560884.0
588288793000,910585549188.0
588430855701,491140902584.0
588639382215,551711647814.0
588654987401,767262027955.0
588725928503,869093804355.0
588728640604,555199152993.0
588741716411,904442276808.0
588751168313,564564336097.0
588777382214,222192100900.0
588934951314,562151145510.0
589028860918,806851424850.0
589099089012,425007206914.0
589107105404,381772856026.0
589130274904,641870989630.0
589139072414,466319014252.0
589194228705,692686425729.0
589225270612,488187841204.0
589432706406,930243698258.0
589471104108,871983273002.0
589714991205,650715180830.0
589805598619,347745483760.0
589891412403,230834082759.0
589896040211,211148260377.0
589923332601,861140573631.0
589926099407,783491793687.0
589946790003,541591624065.0
590092477619,861194058914.0
590106758814,224222468341.0
590194562813,549636449528.0
590330216120,247213538548.0
590476675801,812506860337.0
590516179615,114528828148.0
590569571513,375844826560.0
590595257312,353729032188.0
590676867406,934539230400.0
590689891904,967697287670.0
590770435303,423702109226.0
590933474717,853661054140.0
590956048718,477206724192.0
591043945908,959752782680.0
591081457715,967284175111.0
591193545916,107164933621.0
591307000519,636669438942.0
591310877102,843731344590.0
591548139915,421836002390.0
591622453115,484447596668.0
591653440111,507284627715.0
591790502414,728262086402.0
591801835007,444943113751.0
591805271516,103317127411.0
591823202803,890580664180.0
591837822204,321821050981.0
591906649913,488890646184.0
592032155003,670020416796.0
592172376219,852001413727.0
592325212518,949201489524.0
592332229514,695568750364.0
592444345816,936325347962.0
592455609419,518870417303.0
592505793504,343456043459.0
592634548719,758948250014.0
592691884907,605600698345.0
592705807812,413143055162.0
592740745808,468053061587.0
592756917504,504844910171.0
592828706810,139813991353.0
592843534405,412061962934.0
592923202180,306452827798.0
593201282515,965388443624.0
593261897507,198203034859.0
593326121302,466880918069.0
593583507712,682465582875.0
593599790503,142778131915.0
593720673501,619283292930.0
593838705916,813578863705.0
594036408207,216039051721.0
594063671511,391147008994.0
594167321411,851104247916.0
594167831914,947378045557.0
594222057102,349102432299.0
594306265614,355468059610.0
594384058612,584286874371.0
594415029911,347293140776.0
594441830118,335218801190.0
594523072401,938165576989.0
594616263014,593824885363.0
594732689106,837795582875.0
594947252119,108397963520.0
594983691208,206064848082.0
594998896415,907909613146.0
595001640403,485873068976.0
595014204214,188864931879.0
595254935013,926101199221.0
595307452115,704968827504.0
595311717809,793349862460.0
595344435090,467566346992.0
595361854918,831374290211.0
595394054060,353646729339.0
595413474009,486302228217.0
595436580412,756266354782.0
595457572205,124830630003.0
595565523213,132085293174.0
595593844700,870259977651.0
595635607205,242150678023.0
595667522714,426090350017.0
595862872017,231792478504.0
595943053804,315913707640.0
596044297912,181312683555.0
596072223016,362878369660.0
596177325613,642810878957.0
596284035907,518168461024.0
596368185013,603572680280.0
596498990512,621813116376.0
596512095110,342181276370.0
596663436007,210990262934.0
596756329806,798724246456.0
596793497819,682465582875.0
596801713901,910380065966.0
596904003801,988884949733.0
596989612414,485038475791.0
597023376504,909745966120.0
597055643010,695160947762.0
597254484719,671902823533.0
597297274512,886487779278.0
597328586418,625300901663.0
597346015800,863463686280.0
597369885815,601978395850.0
597383262407,558300061869.0
597412226316,156347499505.0
597464953703,406825076972.0
597521044115,806429279020.0
597786312107,568448377380.0
597826244211,803607447245.0
597865383610,578486386000.0
597991198408,962149357158.0
598045326020,232542422895.0
598051939305,444202365030.0
598232248615,762099568321.0
598248398119,995405986283.0
598327315915,874322556581.0
598336543714,909184219264.0
598382821705,392037629383.0
598487747912,335958487187.0
598495770100,884095339917.0
598519808516,676349243136.0
598571642800,128210482042.0
598624725203,319679381358.0
598705067515,727470535299.0
598841089514,928638175619.0
598896096909,788980157516.0
598926641519,976406890863.0
599010067116,555857771819.0
599036103518,827483003796.0
599190442607,967697287670.0
599230749000,733351074460.0
599239737903,886650155609.0
599249074216,511135105750.0
599281440170,708381366518.0
599459445514,831374290211.0
599494981216,629791882697.0
599521911206,176391354996.0
599564219012,832925420611.0
599599875116,838321998904.0
599788482080,931475037206.0
599831825613,258105691190.0
599838575713,875059641907.0
599932846510,980363384300.0
600197632901,552168150469.0
600228969017,406806154143.0
600294661604,339822568996.0
600316841115,542775468118.0
600391077402,446901739843.0
600544835307,127997138531.0
600546788008,957625022374.0
600601002113,501876374725.0
600694228030,352918845450.0
600851306101,616287113215.0
601023932109,732291984090.0
601174342307,770978057430.0
601385044919,220114967848.0
601386929715,702687777066.0
601448644200,174739685413.0
601678260018,210990262934.0
601694647611,191065154181.0
602030613714,445958840864.0
602108259109,616352719010.0
602121491004,538052932615.0
602202773900,797706669260.0
602354803407,813578863705.0
602586599904,147658953745.0
602600531807,332454600129.0
602817021001,559755652566.0
602847722307,450809303010.0
602999053213,237854907680.0
603029941904,271936096806.0
603123361030,750521561440.0
603332856209,722773670059.0
603369599718,376812551945.0
603380901206,949947121170.0
603526172702,336082157544.0
603617318117,296270010624.0
603752199919,252982746393.0
603801127319,102398437502.0
603828717712,689656129001.0
603832145100,954520469778.0
603912342910,556324323359.0
604060922910,247223296933.0
604067973405,403770358340.0
604129595516,595400487249.0
604240124000,505127796341.0
604248111005,310794051165.0
604273627007,219435696186.0
604410091409,548624897181.0
604417893815,886681609970.0
604631035619,931669999340.0
604645270916,666049351720.0
604712075010,227357346224.0
604745165617,187742247710.0
604808475602,474040566374.0
604826932115,482823405738.0
604846460707,670657865927.0
604898174507,777796212359.0
604956400201,107601797006.0
604995996808,104335532596.0
605105936301,380367171209.0
605172811816,277334612020.0
605276275503,631012135146.0
605371501900,593082733705.0
605378732510,274181415916.0
605435833012,583107758421.0
605482045704,337047087637.0
605556891100,366306075980.0
605651890917,349961625785.0
605693008001,425007206914.0
605758805416,144113114446.0
606024626602,286789102962.0
606089794504,177885382881.0
606331509805,469395117752.0
606351131412,101933414387.0
606433642403,917500724008.0
606471085917,317646322782.0
606472396203,954449245879.0
606495812218,981190233602.0
606581469102,219035351732.0
606738877709,386111827150.0
606811920518,769399279508.0
606844039505,217251922702.0
606940243117,488187841204.0
606981107113,617486560884.0
607189298003,457765057674.0
607207220011,425693804207.0
607282235130,379288159497.0
607495839813,952093855517.0
607589867415,325449051173.0
607613545800,930077970127.0
607626422007,652324715100.0
607628134912,962008075355.0
607651943120,220900285441.0
608018002318,724066857663.0
608028963916,999104288588.0
608112012311,980742915800.0
608133364909,499802581718.0
608139158517,760564644918.0
608175566101,240584021465.0
608215674810,539206272204.0
608263997405,401242082240.0
608302835510,421113542053.0
608320850503,283612965463.0
608690909109,543504138300.0
608739956713,303343926896.0
608751987001,540983807470.0
608883968313,909754987511.0
608887782703,781130639189.0
608953803910,497985779530.0
608979418502,454993852980.0
609251588017,108442445101.0
609412151614,247213538548.0
609595527812,744573612535.0
609811851916,852001413727.0
610059984311,788527575500.0
610083170903,148319225632.0
610262354805,704316506216.0
610270460313,729581523943.0
610319136916,603232045896.0
610390905707,205261359415.0
610436297804,506336996827.0
610519440300,989123590510.0
610570803514,500391878396.0
610631811718,831374290211.0
610754956912,711060861071.0
611025922215,356446961629.0
611078091216,884095339917.0
611099439005,853243822497.0
611107587816,336082157544.0
611154109609,433959947907.0
611274915308,619623932865.0
611927718715,636321331695.0
612000186508,142299109862.0
612029981819,936258274112.0
612056197205,742664884840.0
612287055806,817310419677.0
612342542717,989691708138.0
612344257904,760307429985.0
612359878414,958278320036.0
612374076915,243627017883.0
612400694707,142132061267.0
612418825209,790895908915.0
612435334302,981949383653.0
612481662700,451406724118.0
612558498180,141348306586.0
612607589419,664124530101.0
612696517210,342429943967.0
612702169705,688192361710.0
612793401910,387046769071.0
612808777318,133135124023.0
612862120601,870259977651.0
612870354218,641528871038.0
612875574113,474907418435.0
612892055414,492502018353.0
612934726705,518849409173.0
613042061506,712281851526.0
613062835906,571497959934.0
613115143605,441390486279.0
613128719416,703577690737.0
613162169505,831374290211.0
613267734613,588387149463.0
613368718311,170934793800.0
613484866413,294925939257.0
613681856817,232596172740.0
613686021511,180106353270.0
613720989901,403321283919.0
613761786901,570713491580.0
613911018613,602435897167.0
614099390501,619228728136.0
614170098060,934144689713.0
614174353105,860884762520.0
614421416404,303343926896.0
614516346707,482375767671.0
614524646170,915627209428.0
614854071600,158667677934.0
614866136214,636728050655.0
614920421160,253191472465.0
614957133911,715657887467.0
615114782301,237854907680.0
615117550120,542645482600.0
615165980100,804641406000.0
615406101110,747695518310.0
615585760407,270320256710.0
615706280309,774790615750.0
615811770012,997340084111.0
615841521616,922998216329.0
615841649307,712054646620.0
616058000316,318861165728.0
616103258609,219353313647.0
616215858014,152526597279.0
616286960016,357837609452.0
616304301602,720954062958.0
616392623912,636669438942.0
616418494407,890200738607.0
616572453213,560307193210.0
616593590700,625736811687.0
616594228619,309653138112.0
616603077306,201933474613.0
616694415114,491817588961.0
616920249317,482460032535.0
616954635711,333494753419.0
616972305412,949131194001.0
616973806817,466345238126.0
617003930618,629705005398.0
617126532304,932825345893.0
617153154400,762608171855.0
617277475513,924825355008.0
617326985514,357604450500.0
617329713209,394909440513.0
617386274610,484859979758.0
617756783412,984071171836.0
617948051800,376588944400.0
617991962140,769789729926.0
618031794317,767477544326.0
618260468706,766554626874.0
618315628001,621813116376.0
618519503508,511081344627.0
618584402906,455441231552.0
618877445117,177885382881.0
618920004409,278968533185.0
619096376216,361985176148.0
619193101913,805902791850.0
619279537010,540124670282.0
619310130918,621987433025.0
619405030315,865815544719.0
619459369203,739996455017.0
619470896017,952121286746.0
619481392020,645622251793.0
619754761217,204843511787.0
619831037401,370409134898.0
620001108000,230834082759.0
620016169120,629705005398.0
620102597718,625736811687.0
620110146410,925141015982.0
620118056916,664011009906.0
620147864819,558300061869.0
620215333610,403803508193.0
620227544706,179160022930.0
620426675512,258105691190.0
620520889604,513512977514.0
620544279000,362878369660.0
620632319802,347293140776.0
620752519511,337047087637.0
620788277006,790101315365.0
620794640516,420407614301.0
620901731213,756533271608.0
620934049212,290411505929.0
620975351019,958321809211.0
621264240706,545542082108.0
621310274208,646945911682.0
621389313100,668911402860.0
621747956201,447104839575.0
621778953001,478257783607.0
621800937017,353646729339.0
621827526214,206762622675.0
621897842415,622541482916.0
621913377913,680123549695.0
621946020707,412061962934.0
621962784103,662819608598.0
622097260100,410642352545.0
622112689017,521745946314.0
622136916604,515603079952.0
622216994018,414635970835.0
622230425070,315197409043.0
622240321118,975367261940.0
622274077019,565895115349.0
622416765160,522274417175.0
622696076304,830215943750.0
622772269190,863608276810.0
622901181914,869783452100.0
622925761612,954449245879.0
623075276813,404434920850.0
623190430107,961507172541.0
623238538070,230748508192.0
623324206102,909503897297.0
623341835813,205372715065.0
623416264818,353729032188.0
623429716205,430742896955.0
623528412201,403803508193.0
623647264601,353887578937.0
623828090901,563893397453.0
623829113301,713477415082.0
624043363812,796130807088.0
624086558010,115182444213.0
624127878905,996996863740.0
624281819812,930578041397.0
624397890110,294721800073.0
624522927202,853850168736.0
624549829201,970426885002.0
624876191315,869747813168.0
625073986812,456263622577.0
625184713901,826977765131.0
625250681800,627606392711.0
625304368140,154620856797.0
625307673502,292370464746.0
625313018313,626380883200.0
625323282519,123451305973.0
625460192002,254208781333.0
625521740519,148214372044.0
625536032906,554059784746.0
625655251400,797045594084.0
625769988908,985893215240.0
625778358207,555293831802.0
625804290410,219035351732.0
625835989512,859839357186.0
625946706515,745183418346.0
625953506300,591283087644.0
625956393009,317872176824.0
626047412503,370409134898.0
626107502016,992293306249.0
626224293807,458865034895.0
626406055710,594940144659.0
626406688610,600504897471.0
626495492918,414651256195.0
626529606914,733656259914.0
626595936700,469856027449.0
626613164407,659553763627.0
626636968911,271606323631.0
626665231513,469856027449.0
626750583702,187184064537.0
626757881312,976406890863.0
626763204303,764469437992.0
626775675119,700816988926.0
626828112904,395187854079.0
626892520013,540673601727.0
627100167816,652814694050.0
627286218507,511081344627.0
627441838110,772227781134.0
627541385601,352335411645.0
627636373905,720053963465.0
627907301013,997340084111.0
628004393317,761543425761.0
628132799911,589578485430.0
628289024111,329379175639.0
628323803300,997886386486.0
628416888911,952931536932.0
628543982030,793349862460.0
628619042603,788665707170.0
628642724515,974769138850.0
628648227905,700076470973.0
628675081613,851826962373.0
628903050910,844119722055.0
628995587210,345899648751.0
629023176019,204518896173.0
629035477808,679598515802.0
629037629917,402527921787.0
629119910205,922846241615.0
629141327502,674318400517.0
629152361090,153329746164.0
629204567406,305627012174.0
629231513916,745183418346.0
629430820610,803738347158.0
629660294113,717141133881.0
629856857090,294986196366.0
629970682414,189430185215.0
630169618605,411119951468.0
630268322111,451406724118.0
630315176718,939532042220.0
630315255300,583385517150.0
630378612314,559428111338.0
630464077607,591056385033.0
630464304804,851826962373.0
630562324414,518274541193.0
630663624112,944365015914.0
630674924517,700501387324.0
630684711009,722143793474.0
630699779104,774968894081.0
630719991000,484859979758.0
630788483106,549442469515.0
630994150215,695568750364.0
631016571316,717065165845.0
631143670002,840149392066.0
631315099412,675448086627.0
631504083160,886242399835.0
631552285000,770595512657.0
631619559114,651018415244.0
631626032800,226597947729.0
631661503100,773795458349.0
632170721308,342246526437.0
632206717040,869744623729.0
632233694019,277211799058.0
632613438017,951643071037.0
632615006908,793916579960.0
632667870104,694550688092.0
632814265200,270320256710.0
632818753203,323263454048.0
632836565503,725460629640.0
632873634304,266650951044.0
632894860511,951340440980.0
632972326112,656241919250.0
633060525013,773821764949.0
633199160804,883408069486.0
633249797111,170220892202.0
633301764616,877907794830.0
633333125209,892443286853.0
633388317160,869215824355.0
633423952512,558551918580.0
633543743216,851826962373.0
633598398416,932300131241.0
633681086403,551135646181.0
633713667906,717065165845.0
633714138716,857868033555.0
633715411203,850612288431.0
633718301206,462542524026.0
633740465214,565761849298.0
633751660020,677742737794.0
633784778703,955709793467.0
633812605050,908950669406.0
633893999607,171252875559.0
634060813302,277334612020.0
634078299514,111829939005.0
634238492219,594940144659.0
634325470719,306796326021.0
634375581016,667321406540.0
634391389405,140638260335.0
634456033418,385080567716.0
634458279411,931652149395.0
634558624000,886232831276.0
634625888906,352570280934.0
634678626704,747599120754.0
634777800113,374505616495.0
634801291120,700501387324.0
634813464805,482924792553.0
635110601000,356054113353.0
635143951310,579288715404.0
635352983612,690988570552.0
635517735713,955164862722.0
635538154412,265656162391.0
635743565101,442061969907.0
635991694011,275952282300.0
636032458802,177062924652.0
636036121900,446312811712.0
636055825711,139652590809.0
636092549003,182188703800.0
636132526090,519373746531.0
636162421915,789867410052.0
636165275160,759128333329.0
636168050016,617486560884.0
636324352417,548624897181.0
636376555510,356882519200.0
636465427315,205276352981.0
636577796206,967848042800.0
636702178216,500647653382.0
636738598106,318861165728.0
636747540810,430456369750.0
636863602118,806429279020.0
636978372219,790661211264.0
637012153305,526072465373.0
637030388000,160461022719.0
637124478108,426376238286.0
637339558319,949318772820.0
637361700510,468508189267.0
637401153806,540403153555.0
637504767505,979009009877.0
637597896060,782231673838.0
637716658707,960404719825.0
637924673613,639394137453.0
637996411602,241267427111.0
638024990501,220114967848.0
638034120602,833843657633.0
638202889519,360855339041.0
638269031301,934539230400.0
638332577010,788527575500.0
638406036218,155001304957.0
638556829306,332077371668.0
638560255101,571980307930.0
638664098610,126585513344.0
638675669300,292206657594.0
638834609412,852108827226.0
638877320210,141139702567.0
638898123160,251983260718.0
639128279709,229473768258.0
639241972707,631388617100.0
639295228070,411584654908.0
639423908810,932300131241.0
639483149412,800218958053.0
639596186819,441390486279.0
639627459407,233660861011.0
639696627902,113309370831.0
639751602416,193509092966.0
639796094017,774202455446.0
639831811214,680391703684.0
639874809180,127745328232.0
639978530010,967697287670.0
639997425902,745183418346.0
640071811417,988546131697.0
640078534008,374505616495.0
640227354402,530231662157.0
640238469512,465390829640.0
640263868119,137791749281.0
640320678190,991895884247.0
640325236001,220461474506.0
640360720702,374505616495.0
640425732117,430456369750.0
640438114101,688192361710.0
640555795117,134520895469.0
640605616709,780290183470.0
640612723906,449499727119.0
640735678419,943216022128.0
640862269411,625956140335.0
640863460709,695378060490.0
640902327050,870696909709.0
641005359811,321633825090.0
641043956010,551870185700.0
641316695907,669119830536.0
641323119804,119435314108.0
641351275703,657619826733.0
641415663815,473453471766.0
641492323900,201673658006.0
641526736218,849390285031.0
641537403802,651498963890.0
641554339060,467566346992.0
641647323030,290574370706.0
641757756003,466018351154.0
641786552901,957625022374.0
641829569205,650715180830.0
641925426801,487888083895.0
642047507213,439873823293.0
642174511613,764469437992.0
642187007110,572658769690.0
642230189105,425931243115.0
642249470803,225659055493.0
642260819106,671094453695.0
642296593317,733047056919.0
642313151905,933359894286.0
642407566818,303745348208.0
642483929711,620197260152.0
642590150601,970413739994.0
642596351412,855583951495.0
642732733612,594300703716.0
642847375207,683798406406.0
642861178004,383537704040.0
643096443912,493343992417.0
643129544405,907248537300.0
643234206100,884126370846.0
643258751109,794921357661.0
643447763401,689252096434.0
643525282703,559428111338.0
643529067405,992471856220.0
643546399718,810693397770.0
643585961201,847578210677.0
643620726210,618542440960.0
643633337117,421836002390.0
643663696606,646945911682.0
643682151605,383184354827.0
643731187208,478398139507.0
643922427903,311372205665.0
643922569803,857893305732.0
643956738308,886591177551.0
644103784403,462240084840.0
644192524516,101745787098.0
644213225014,225846954165.0
644304270917,446312811712.0
644383237030,743259455729.0
644409083003,780290183470.0
644466995310,267590407483.0
644526786801,506336996827.0
644680296800,751723326481.0
644936330513,242742417616.0
644995461514,345899648751.0
645077901614,960265745469.0
645079668808,629791882697.0
645128627116,540673601727.0
645202834214,103967396294.0
645299668418,545806119982.0
645312622060,844277818051.0
645378657904,910471171037.0
645382434012,582827107250.0
645450280909,761543425761.0
645470564905,790101315365.0
645492540809,244325396180.0
645529361110,255073254773.0
645799022217,451276249802.0
645864617707,487110505113.0
646008305306,518461414200.0
646132194606,789676534260.0
646162810512,713477415082.0
646299997505,548624897181.0
646319147119,958815538661.0
646424316207,765848977101.0
646436790413,987318875244.0
646467749006,656296514658.0
646551135604,633841150777.0
646671716018,441390486279.0
646768539213,589934865644.0
646839498812,163384104150.0
646860028516,462441705541.0
646894106070,714653016659.0
646911409050,405764140161.0
646922334030,713592108316.0
647035319201,856054879349.0
647040490812,309220474972.0
647165732216,886242399835.0
647169174190,382042337021.0
647325208070,151022077770.0
647355480310,457721675773.0
647564526219,790101315365.0
647600995403,797706669260.0
647609536412,566950386569.0
647997326020,515721991891.0
648135626110,453008662859.0
648156668100,110884542913.0
648498821114,406170745046.0
648546281700,347549911323.0
648600418903,720053963465.0
648700341312,522274417175.0
648717145605,703858885955.0
648719871918,385679688740.0
648839356618,980633257858.0
649164974701,450809303010.0
649228941702,937419893260.0
649268763516,987220038312.0
649269957704,169174740434.0
649286207206,639394137453.0
649437580718,709261315472.0
649467460319,468158057880.0
649529556212,626430250300.0
649592500918,901635720704.0
649624929714,114524565471.0
649638124070,349405533870.0
649819951800,942522316498.0
649891305613,792925544623.0
650020945602,519373746531.0
650101325306,350075485344.0
650159957402,488187841204.0
650227600400,951643071037.0
650244414817,958005755089.0
650249016711,579337008998.0
650580409016,548059785763.0
650755545401,862574059583.0
650801696103,864896578426.0
650956277708,725270968793.0
651040088102,569007420250.0
651045537519,451405842424.0
651068288311,997662711433.0
651072746800,467566346992.0
651140332007,793349862460.0
651257710506,532126243790.0
651304999216,551870185700.0
651363664910,951139719506.0
651452005002,446312811712.0
651511058414,341405732997.0
651521391506,307165830084.0
651603667815,436743829191.0
651606492508,963661778050.0
651808285401,211148260377.0
651843809713,167424030963.0
651909193307,125708778128.0
651928163403,298850548013.0
652036312090,560156183220.0
652155692313,922846241615.0
652321885217,460289623352.0
652335691312,321310932198.0
652402563040,564564336097.0
652567981905,637226369077.0
652570006602,224815830672.0
652704413910,425693804207.0
652727683616,759947133976.0
652741077903,101720554358.0
652745745805,291958123799.0
652859001118,125408673175.0
653379285208,702899384300.0
653624527300,958824360880.0
653625819818,104335532596.0
654027648007,870259977651.0
654251569211,853243822497.0
654446382618,870992847587.0
654473487709,426642430939.0
654495996817,705809987910.0
654631067112,621677325219.0
654784000000,716436621518.0
654942656011,500922335057.0
655125912206,549315265790.0
655189177600,363467825290.0
655285489403,443316601963.0
655294548914,601565767049.0
655412438014,352831324788.0
655718005417,683085707434.0
655796815504,679598515802.0
655832445806,426090350017.0
655971748801,360077205703.0
656019484117,516196970650.0
656050198918,697652154859.0
656121246516,247901214219.0
656126363712,659443690057.0
656186976408,505508123434.0
656276365416,450655767157.0
656326886804,970426885002.0
656388322700,927948192565.0
656427180118,300820451126.0
656543075608,865638526335.0
656603462809,164659847043.0
656629391206,810757626050.0
656704597008,289852605634.0
656807346804,573145600612.0
656831126319,354465125826.0
656967313918,631388617100.0
656982173700,165594571189.0
657011358140,127279233329.0
657094520312,782610251238.0
657103317219,326861407923.0
657215685204,462441705541.0
657396647704,865638526335.0
657422976016,647845993507.0
657429934210,812599158246.0
657541505113,445689400311.0
657586753907,617486560884.0
658083373501,804641406000.0
658232122114,261834989729.0
658364688040,870259977651.0
658392198813,697766307442.0
658411889918,529817913578.0
658551311004,606279904557.0
658609938203,906994285950.0
658656008401,589934865644.0
658660952919,448496369949.0
658902682607,694009863434.0
658929556112,743437890485.0
658977657819,577575388460.0
659104006804,999104288588.0
659157056112,195453644078.0
659182019402,688276188400.0
659225786618,806429279020.0
659255220030,177885382881.0
659279647605,664425595770.0
659307481406,533031849030.0
659307928607,165857791275.0
659350496819,199658681106.0
659472599512,736074393075.0
659533563313,140839544651.0
659582898613,789134540835.0
659597238114,102398437502.0
659704580112,376812551945.0
659725129504,374505616495.0
660052275104,192052858130.0
660155530713,910875277619.0
660304713813,793444342145.0
660332220900,933812959539.0
660389129309,455518908109.0
660495391900,352918845450.0
660556180909,220334512519.0
660627212514,798277706137.0
660641562815,511079467030.0
660681398302,711728317650.0
660687233615,999104288588.0
660687516000,740130450869.0
660854473816,919601818132.0
660930758412,631388617100.0
660931304102,438583926376.0
660974221504,627317796717.0
661112653919,727470535299.0
661133508309,864896578426.0
661157081916,108881372484.0
661173342208,779918786150.0
661290929110,925595477418.0
661338555917,310485097973.0
661380391605,936258274112.0
661526683601,243627017883.0
661531435101,446901739843.0
661542890216,514763353630.0
661796459719,321821050981.0
661830285602,194813640026.0
661931194110,821120972682.0
661945982014,333362859529.0
662000505712,214354181996.0
662032805309,686738068007.0
662052355300,505508123434.0
662109009405,336569039927.0
662207820602,421113542053.0
662315982919,248428873900.0
662354474150,173817907479.0
662426940070,484097622216.0
662515151019,359355814997.0
662641837714,202645792517.0
662728510801,967049365197.0
662819815417,293847767180.0
662896023310,266109945145.0
662914855314,426097272894.0
662956998617,152526597279.0
663231224513,178868670348.0
663314031613,264122898609.0
663329887302,913285224065.0
663341216719,285394229487.0
663570806000,975868481313.0
663640398718,522274417175.0
663874778218,948556844020.0
663901579030,219435696186.0
663940560512,762099568321.0
664122389507,560156183220.0
664247819802,583107758421.0
664384064616,617486560884.0
664480296614,305912395518.0
664690363108,583428464810.0
664826464806,793349862460.0
664882946010,415470416900.0
664957067170,388700950635.0
664959772715,639394137453.0
665004102008,452485212113.0
665023635409,105598579482.0
665105996803,880180658801.0
665238472816,838321998904.0
665461447207,561934508086.0
665637835813,898142395155.0
665704878180,930243698258.0
665854718210,283612965463.0
665866684415,629705005398.0
666018644413,960265745469.0
666107726713,115327875277.0
666160183614,360855339041.0
666225199908,222134042519.0
666258887406,692686425729.0
666338420512,511669807644.0
666346322010,290578400537.0
666425385903,859585317235.0
666502362305,336569039927.0
666530059608,177885382881.0
666661470111,646536526546.0
666677786116,892770721966.0
666684718030,153329746164.0
666721685302,712401025841.0
666837528814,752628313479.0
666939212090,306305322928.0
667032215318,339822568996.0
667045507511,191065154181.0
667071100715,978017262177.0
667128279901,848663356186.0
667266451018,625956140335.0
667286190400,951643071037.0
667449729150,744161145333.0
667521324011,794605711686.0
667624808209,788527575500.0
667718795307,498576189494.0
667767739603,884095339917.0
667807503801,193049581281.0
667826605813,629128965369.0
667835140903,949131194001.0
667880510016,695660800917.0
667908566507,183606773470.0
667915713015,100627664390.0
667937221305,773575714555.0
668164371403,371763101600.0
668246587715,505127796341.0
668466678617,815706728870.0
668485605503,128355112335.0
668493516411,414635970835.0
668644915918,301340449222.0
668827170508,428106859070.0
668828644516,620155607138.0
668909199718,449448853652.0
668961725518,298850548013.0
669116370303,595400487249.0
669332435408,500647653382.0
669360658400,133331307000.0
669411814610,981616291149.0
669474356505,860297325937.0
669640538202,616512937370.0
669662364711,737997071598.0
669673920010,164774032970.0
669698345006,766627766512.0
669707876010,640306776948.0
669898108519,886242399835.0
670011396912,909745966120.0
670024030410,322627784367.0
670068519180,766406698847.0
670136699817,353646729339.0
670164055208,285084074350.0
670258493505,925954257930.0
670280880905,774968894081.0
670336836500,181491422174.0
670429330020,193049581281.0
670463692215,810489225726.0
670699922606,641528871038.0
670716742009,241382338482.0
670785356411,601978395850.0
670830356803,858408394018.0
670842151080,871786166615.0
670917229110,778020091258.0
670921259601,482397041840.0
670924556407,201125749404.0
670969975140,521939528930.0
671012694070,274181415916.0
671320213718,942718742957.0
671556814819,748385534873.0
671690983512,406976619436.0
671883492902,349961625785.0
671947403101,153329746164.0
671964256000,110774820109.0
672310226900,583976147665.0
672420976702,554059784746.0
672432626111,482397041840.0
672459341619,154620856797.0
672512296012,864989941234.0
672684150805,980742915800.0
672804325504,976955382074.0
672862695512,347543884063.0
672913644207,805902791850.0
672974358916,232646684943.0
672989704412,402527921787.0
672996498308,425693804207.0
673029892718,713430522360.0
673063228519,485868750518.0
673071452905,196001191406.0
673119691400,861140573631.0
673205613100,886242399835.0
673304998419,220334512519.0
673316017114,732352124933.0
673593771414,310499191686.0
673703278506,379029503250.0
673724788114,185940878032.0
673958519605,682707906365.0
674018895312,749223890491.0
674086530210,238290336681.0
674240638504,636321331695.0
674250006700,381538151896.0
674260829102,751559736956.0
674370758206,625736811687.0
674415049101,365029402560.0
674451086213,702899384300.0
674511055200,171252875559.0
674633341612,551870185700.0
674759774801,914751286758.0
674786908614,949318772820.0
674802170911,247358526824.0
674834814090,588753526050.0
675189142217,426097272894.0
675448357150,743259455729.0
675559759510,331903161738.0
675705524900,847578210677.0
675737578613,980742915800.0
675771502109,667321406540.0
676039382812,685393680823.0
676120875913,774405534242.0
676274051404,672853499759.0
676345570613,455518908109.0
676388908407,421516619288.0
676421141501,994324986803.0
676468542808,235858312864.0
676491518050,545542082108.0
676651432315,858149653307.0
676692816718,764469437992.0
676796856403,749383309234.0
676799525715,421516619288.0
676917360808,823223506770.0
677242389406,185815666083.0
677338956015,785138622641.0
677349115519,356054113353.0
677447193615,225659055493.0
677552861009,424314146226.0
677692453706,678350864785.0
677710498902,231946074594.0
677812971502,415470416900.0
677837528310,717141133881.0
677929069613,288067492828.0
678001606513,943166955512.0
678128112719,347549911323.0
678277571409,625300901663.0
678419825906,207143312572.0
678482147806,276809474225.0
678507082810,638173911218.0
678678894510,540673601727.0
678829617701,930578041397.0
678899144012,219035351732.0
678917392116,311214200926.0
678967822607,951164713938.0
678970001009,708953393706.0
679099271918,514996875350.0
679119762107,567507789351.0
679156721817,984375353100.0
679419290307,627769447837.0
679518873800,484447596668.0
679627294510,700816988926.0
679637671503,693076930951.0
679692312309,814817194714.0
679860093101,973599578455.0
679874548003,667772748466.0
680105288013,220461474506.0
680171772180,649910998984.0
680345649603,101563653512.0
680368973016,303137058377.0
680377573303,765458166150.0
680481470517,646945911682.0
680582376812,219035351732.0
680588699115,641528871038.0
680691153917,481327715012.0
680736486208,375763979023.0
680752045208,639394137453.0
680800576908,573145600612.0
680939405000,716571756940.0
681104953803,742664884840.0
681105347607,160896153162.0
681167959906,498576189494.0
681186135203,281906827782.0
681222762600,154620856797.0
681256668030,333362859529.0
681259451819,921234984088.0
681285624514,539003589072.0
681409634107,229900564127.0
681597907607,742664884840.0
681653638019,789867410052.0
681701888100,642810878957.0
681723351507,353496375360.0
681839256711,382999329517.0
682031687706,931652149395.0
682159078306,485873068976.0
682163669202,780290183470.0
682217596614,800343758948.0
682458743304,981979178449.0
682502381206,191065154181.0
682565141514,328686531330.0
682641177614,626430250300.0
682667878409,936325347962.0
682749686417,663717092434.0
682790578018,235880977501.0
682835169105,116402150440.0
682869147818,355468059610.0
683026323314,871225562510.0
683267635802,951643071037.0
683298454610,936325347962.0
683340480519,549636449528.0
683393723615,227446279182.0
683393777214,349961625785.0
683512895600,593082733705.0
683524437501,799956377733.0
683689716900,365038273919.0
683701446511,284221765724.0
683750780603,276809474225.0
684002013040,533034942040.0
684098807809,703577690737.0
684252543306,716909049379.0
684344672005,332077371668.0
684378690715,618040609303.0
684435718308,780631262196.0
684830518817,571275240779.0
684925251411,626430250300.0
684975656715,670657865927.0
685099728416,808098810621.0
685118238909,405764140161.0
685361380915,646890757000.0
685410451506,784798754903.0
685424444914,349961625785.0
685445374801,736709587021.0
685677997704,487888083895.0
685678317216,901635720704.0
685681677318,426642430939.0
685703356811,729581523943.0
685807524912,482924792553.0
685857048112,960265745469.0
685913616314,238565763449.0
685921670616,327967117455.0
685956054609,848452662585.0
686204403316,192052858130.0
686300953213,816946979378.0
686301900606,740961974413.0
686544808400,532126243790.0
686657803600,910875277619.0
686668715716,320024883397.0
686756903004,247525753371.0
686943249317,909754987511.0
686948597410,488187841204.0
686963570102,831112509809.0
687064913515,461167593390.0
687146127060,299859778020.0
687177955015,133331307000.0
687467894130,225978615740.0
687472153000,782659300337.0
687523266703,392890895973.0
687526426214,169052685035.0
687560645804,875174801077.0
687687008912,904442276808.0
687692492405,952931536932.0
687744061200,270320256710.0
687864697119,923832771581.0
687950320807,169174740434.0
688492158806,105246016894.0
688651809070,934144689713.0
688654806160,153291316325.0
688680260100,831351622538.0
688839692102,257902491991.0
688898808404,428557458248.0
688902406410,620979242816.0
688937211700,886681609970.0
689269257312,822744033020.0
689311239617,156319466076.0
689409314918,573514419218.0
689422304106,357604450500.0
689443913508,912726787345.0
689639495402,283612965463.0
689652313217,935226734538.0
689680114916,514763353630.0
689809608806,370831751793.0
689865706517,782251253577.0
689913062112,844477942656.0
690004979701,453774213876.0
690131966509,644946521203.0
690172674815,387046769071.0
690199020020,369343695568.0
690374489211,858258530151.0
690554218407,251983260718.0
690605624911,642810878957.0
690632635406,642660857564.0
690706733911,124097183321.0
690753691912,478257783607.0
690780609905,875059641907.0
690786650500,771676380160.0
690812482170,254208781333.0
690885041711,864989941234.0
690905381150,240716362594.0
690954856605,566950386569.0
691073265011,957876165252.0
691083650613,404434920850.0
691179112808,401195477807.0
691191018717,626430250300.0
691210656400,637651283521.0
691245631110,772227781134.0
691315990219,910875277619.0
691371931109,136514175036.0
691390975415,240852521685.0
691414230407,965673784858.0
691515781103,367772860584.0
691624737010,889461606062.0
691660399514,996326998494.0
691690616205,477206724192.0
691758781503,405764140161.0
691819098011,944929196537.0
691952834118,935913701975.0
691986533307,893286402448.0
692105209015,697652154859.0
692373286110,453008662859.0
692495342050,811767478010.0
692499885616,615464469981.0
692512650517,837795582875.0
692634333816,730217330795.0
692656131509,196922787197.0
692801169207,620979242816.0
692834089611,147595681352.0
692840197901,688192361710.0
692911363615,292317614225.0
692918215802,273608054690.0
693110067709,537284954563.0
693118533120,668115958896.0
693434162910,573145600612.0
693520199217,985396638044.0
693725743818,668115958896.0
693887823901,288067492828.0
693977603104,113383598152.0
694087916110,834258039635.0
694126851604,478707334903.0
694138326504,838067541905.0
694143456210,522016493162.0
694199360214,493913305943.0
694248224060,353915390730.0
694427499711,912726787345.0
694494468017,374988930244.0
694497899202,630400972747.0
694503480403,754937076034.0
694613874005,603057675594.0
694650065319,317883281388.0
694665478915,866541785450.0
694850698311,931652149395.0
694913320901,408143207238.0
694970504030,706178563284.0
694985752807,500647653382.0
695018288030,578001261836.0
695034411312,848439498604.0
695045043611,817310419677.0
695090653110,240716362594.0
695132319216,454766941859.0
695362070202,988884949733.0
695637093007,652537001910.0
695658285800,710475554537.0
695828465404,478257783607.0
695853180150,644946521203.0
696119974112,540124670282.0
696159309502,620197260152.0
696178143617,947378045557.0
696183253903,355060093879.0
696207424211,319328451706.0
696242142515,865638526335.0
696458411318,642810878957.0
696482777080,818702462027.0
696534615315,740961974413.0
696727319909,650493242851.0
696747466411,876626620691.0
696887157813,444943113751.0
696903273602,517987713838.0
696944593050,704968827504.0
697216022016,408841938027.0
697237159211,641528871038.0
697318857718,989691708138.0
697357576402,366927779441.0
697406209312,947382571811.0
697442213312,436349451110.0
697501186017,193509092966.0
697629723803,473453471766.0
697636028009,576015948162.0
697649190819,111517325330.0
697768312910,140839544651.0
697830314411,987015453294.0
697842619412,252634963841.0
698014263103,366306075980.0
698030832803,877712690731.0
698038225105,774405534242.0
698185120417,306976607111.0
698377209613,844119722055.0
698399903010,967697287670.0
698463292911,941654374516.0
698469942408,360365800913.0
698475893202,905243764640.0
698549152011,125408673175.0
698674774915,818702462027.0
698679582160,534300238042.0
698922438301,973723041865.0
698932070403,708953393706.0
699086021718,561019356087.0
699291489618,871106357750.0
699343189203,782659300337.0
699372202009,871106357750.0
699406333705,649910998984.0
699467357316,101559921902.0
699841493813,457284096056.0
699948192104,284612136960.0
700005533310,850829558854.0
700091856018,404476388660.0
700156916519,337047087637.0
700347395406,807449111230.0
700575956719,886681609970.0
700721028404,683798406406.0
700863956410,761543425761.0
700865396216,642810878957.0
700913733518,404434920850.0
700947785170,425047352238.0
701059940200,831374290211.0
701100200506,219694189431.0
701341204712,300563674914.0
701606696300,379029503250.0
701613260011,219435696186.0
701709359819,219035351732.0
701711208919,988884949733.0
701827819411,957625022374.0
701858074405,657548812746.0
701867465506,976955382074.0
701921552316,452485212113.0
702031995917,970282776855.0
702078424610,300656870253.0
702103309302,948556844020.0
702105929616,570646931023.0
702123678030,122780671853.0
702154141308,854600272872.0
702221775030,357320155462.0
702254088016,122550888781.0
702713112604,182365089228.0
702925009600,173710676890.0
702991921918,952931536932.0
703011130313,622541482916.0
703023616100,680054876236.0
703038165713,284182710360.0
703222250519,837895141759.0
703353189000,596429191406.0
703374129909,675145679711.0
703849966107,992994812612.0
704039249070,583976147665.0
704043698060,882221370917.0
704168298812,148953337271.0
704461238190,519584419137.0
704541741518,901360355998.0
704563858807,946388121431.0
704657868119,275952282300.0
704673710305,570381677577.0
704713610001,502830868236.0
704775669112,125708778128.0
704843081400,198921828970.0
705079938901,886955125660.0
705170725417,866540828698.0
705274105410,815772549569.0
705279783307,248456152189.0
705300636060,627606392711.0
705373347707,141139702567.0
705396798114,281619614169.0
705457205004,163245800280.0
705809728307,650493242851.0
705881074408,782610251238.0
705974847701,750521561440.0
706167697506,154620856797.0
706268466718,886242399835.0
706376903712,379029503250.0
706389728802,566271473127.0
706610538803,226597947729.0
706841375216,660561929475.0
706854206912,536926000103.0
706909296708,452343168054.0
706935944608,644461184360.0
706976035008,399137143940.0
707156369216,243190941126.0
707222083814,631890533210.0
707239742014,715415272120.0
707298661306,803607447245.0
707337182318,443114352930.0
707403121310,156465442746.0
707488254806,962008075355.0
707583687015,418312767513.0
707624257216,357075464787.0
707696281910,646945911682.0
707899147608,272539556804.0
707928738217,640306776948.0
708083688606,247901214219.0
708121278510,572658769690.0
708210984116,229900564127.0
708343735006,819585791796.0
708406202513,784941755224.0
708494813717,573611240741.0
708544921009,939437109289.0
708676837015,955709793467.0
708696849507,109292035269.0
708789451005,847908719336.0
708889426300,893918665095.0
708963840017,996491533305.0
708996736414,897906092138.0
709103217809,467566346992.0
709307926302,152526597279.0
709378599118,685393680823.0
709443346607,851480153834.0
709473051100,551870185700.0
709641632609,443824405012.0
709696289707,544673683993.0
709766306213,398435364500.0
709856874200,773575714555.0
709876969050,846335307403.0
709932272010,869215824355.0
710052637005,347927858467.0
710248510800,206840103160.0
710265264105,603057675594.0
710310678010,610608087276.0
710414217104,793349862460.0
710440493101,989691708138.0
710516094917,883330434710.0
710561373006,199596264834.0
710644470312,793916579960.0
710660729301,750521561440.0
710699503514,970020482623.0
710702843505,636669438942.0
710830670500,326410069825.0
710839280711,711728317650.0
711001224416,273608054690.0
711460820812,827627689931.0
711511911914,516180772090.0
711533768815,306604173889.0
711572246410,622385843000.0
711671903911,191923451211.0
711787524310,953280067400.0
711824200811,471482163768.0
711897470506,234192976502.0
711914629419,191962597333.0
711915398205,204802270581.0
711980560517,257902491991.0
712042341811,714653016659.0
712044680307,641870989630.0
712055517300,889384585673.0
712075289709,974769138850.0
712087272170,349961625785.0
712134124005,191923451211.0
712326642505,283612965463.0
712599611600,967029881380.0
712633627801,847758487277.0
712905586809,483198159217.0
712985141816,793916579960.0
713063904802,576345062578.0
713091887080,651498963890.0
713140918313,894966720600.0
713227983500,482460032535.0
713293637700,763482347065.0
713364090900,397317536784.0
713482838806,766180603900.0
713487087603,712054646620.0
713589846617,428304469035.0
713634405200,480833739893.0
713660445509,790661211264.0
713755270100,798724246456.0
713878354010,890200738607.0
713898433101,483476313781.0
713910604019,958321809211.0
713958064900,245763983727.0
713967640512,162031991623.0
714100898616,438583926376.0
714338509318,844225126499.0
714359010417,967284175111.0
714475249180,807449111230.0
714499407518,918450477017.0
714639496903,684697219098.0
714653922117,599284008745.0
714698492318,832788478530.0
714709090180,568660141302.0
714756123306,668115958896.0
714780610419,769988763369.0
714808132409,909745966120.0
714914442507,978017262177.0
714916227209,167682079016.0
715100712301,505508123434.0
715161837417,354188508686.0
715291057100,955268498409.0
715398687810,925098578162.0
715700003801,353729032188.0
715762845706,965388443624.0
715768949119,306796326021.0
716034619913,573611240741.0
716043399509,252634963841.0
716055949917,749223890491.0
716132550918,190774073266.0
716231657705,967848042800.0
716300931010,450467898965.0
716425974601,965388443624.0
716561873008,252849726639.0
716606969090,266109945145.0
716609368600,766627766512.0
716648374500,683798406406.0
716689871815,105736483561.0
716731431914,244283233917.0
716848826918,237328248043.0
716959559009,851826962373.0
717048077002,154620856797.0
717098598120,286045780050.0
717138592719,331217591066.0
717148559710,463243402830.0
717322105301,518425717333.0
717478890213,976383439340.0
717556551815,987015453294.0
717613253813,191923451211.0
717641721110,884095339917.0
717648924414,471482163768.0
717678702910,247213538548.0
717786276903,221172732473.0
717814208915,904442276808.0
717907552012,713592108316.0
717957535805,899890917222.0
718256614813,367772860584.0
718264343210,471437522832.0
718737139318,156347499505.0
718770919414,644946521203.0
718794425809,868654257341.0
718802807190,353729032188.0
718825344205,860297325937.0
718938631903,123926503400.0
718949226609,847663392152.0
718965074009,827483003796.0
719009473408,372568030010.0
719075136112,625956140335.0
719108235805,965388443624.0
719130489417,817310419677.0
719209656914,563385865415.0
719314498304,880453226182.0
719378260200,974839396291.0
719396127719,110623179552.0
719416322306,792925544623.0
719431991612,254208781333.0
719540784703,678802938760.0
719547032601,865638526335.0
719596053503,127880294152.0
719950842519,674711835194.0
719963488015,711728317650.0
720139582711,620935039655.0
720300580100,306452827798.0
720302090005,471125483124.0
720396971411,214894109917.0
720403254919,892443286853.0
720606839208,363765981058.0
720612474160,287265679227.0
720614533300,301419802878.0
720633928311,987015453294.0
720700029011,536377551399.0
720737348410,730340479104.0
720768409211,505127796341.0
720797398803,638730785078.0
720804570213,632096193552.0
720819149206,999104288588.0
720840976813,105246016894.0
720850941603,511081344627.0
720902940709,250187185377.0
720915483140,393654763849.0
721178357513,553280589959.0
721183912604,345120997241.0
721204068518,103539144205.0
721217286401,650715180830.0
721234793315,365029402560.0
721410250900,587259310430.0
721523961010,960265745469.0
721532313310,981979178449.0
721630912415,725658172185.0
721632124018,133528210580.0
721638061607,676040875494.0
721713470011,838038001328.0
721844916805,509976828072.0
722064494706,836659543438.0
722144146608,904442276808.0
722321166510,847451689874.0
722372442402,566271473127.0
722584649515,256991168562.0
722658199805,164659847043.0
722737887211,870259977651.0
722743425004,230834082759.0
722846403412,634094695317.0
722868905713,970413739994.0
722944240017,336082157544.0
722986275501,229039827680.0
723150006110,152526597279.0
723159421408,959899157292.0
723212182214,460376185423.0
723293730102,965388443624.0
723352750817,721746404717.0
723422187801,864859921615.0
723460972606,373008771121.0
723465504712,793444342145.0
723518680110,962008075355.0
723652466102,531171939025.0
723720339305,384287738934.0
723758331313,436743829191.0
723808519714,229276289711.0
724152113314,137791749281.0
724179166609,486873941532.0
724230690100,256991168562.0
724239313111,678766933203.0
724459567130,884855887500.0
724480903150,868461294982.0
724490893811,713445824551.0
724559759806,357320155462.0
724589043070,939532042220.0
724769659407,818702462027.0
724799352314,335958487187.0
724821435213,459845639988.0
724880998120,954449245879.0
725024639805,774405534242.0
725144537801,976406890863.0
725145007411,398331869092.0
725180406201,805902791850.0
725220786717,281959528392.0
725315869714,682633510239.0
725351884707,431254611603.0
725441720500,625300901663.0
725602774700,451888769293.0
725654642060,540340714843.0
725881201409,643032064643.0
725930010109,193509092966.0
725966106103,337047087637.0
725976022314,331217591066.0
726134721802,764469437992.0
726268355030,495716879986.0
726313434114,665410281744.0
726430624204,765224301959.0
726462341007,574081152295.0
726475687409,801380315410.0
726489274901,173817907479.0
726493180700,281619614169.0
726499588510,365890087025.0
726532496106,625444927087.0
726603767707,493913305943.0
726683949610,310485097973.0
726866538213,576736430075.0
726871515010,650552093510.0
726945508610,484859979758.0
726957595912,773795458349.0
727007251000,565091612301.0
727132359518,656749621537.0
727148589109,491744748787.0
727163564903,645622251793.0
727361039501,471482163768.0
727455898014,407009999209.0
727606278400,200300595326.0
727693087310,965096305667.0
727732005406,342181276370.0
727800326405,468053061587.0
727816200217,147565298567.0
727863512108,892443286853.0
727948853208,405780674285.0
727996849513,205276352981.0
727999899208,570646931023.0
728014120818,349102432299.0
728069009704,191962597333.0
728139430904,985893215240.0
728216855305,505238470592.0
728230519414,847578210677.0
728284522704,616565505743.0
728310500150,733047056919.0
728457816807,285249778385.0
728518250010,305627012174.0
728532618312,573145600612.0
728572674060,995405986283.0
728767922040,181713516307.0
728843494016,480844958302.0
728922656316,447104839575.0
728940653704,252634963841.0
729051165102,484447596668.0
729465587410,143952160681.0
729477507218,554059784746.0
729502301119,939437109289.0
729604321701,593082733705.0
729609978407,357075464787.0
729662447201,762099568321.0
729692785204,202971080983.0
729716122000,394053837303.0
729845029307,978017262177.0
729866326005,630107429700.0
729887373008,675448086627.0
730000831605,627769447837.0
730022326703,795161895215.0
730037250112,987054238430.0
730135103317,899608609946.0
730161472116,886242399835.0
730185410200,593149070244.0
730212009407,403803508193.0
730361698615,827627689931.0
730371024418,913623990503.0
730378396301,594449194102.0
730460756102,325449051173.0
730690912814,129999767166.0
730857656804,641528871038.0
731068657317,235440924456.0
731141949618,326152769961.0
731200133100,936325347962.0
731239530219,229276289711.0
731244389315,213881165240.0
731262294200,347927858467.0
731383423815,375377502592.0
731386713815,317646322782.0
731413730700,828521842834.0
731544601140,881559318595.0
731605546909,967697287670.0
731738373303,459391554960.0
731810857170,935054825740.0
731847942613,456263622577.0
731994522703,831112509809.0
732050474712,716793400897.0
732349040319,745183418346.0
732454423101,147595681352.0
732491282502,100370651480.0
732532051200,650715180830.0
732564507618,307165830084.0
732752835208,805902791850.0
732929841010,713477415082.0
732934504404,240716362594.0
733155592919,807449111230.0
733209987207,745183418346.0
733272976418,125764881521.0
733341534919,594347291315.0
733372192918,451272204205.0
733483773705,405764140161.0
733539742160,847578210677.0
733604170501,722143793474.0
733786802109,648618946679.0
733787480140,353729032188.0
733988460219,618597723335.0
734001501102,782610251238.0
734115881006,502830868236.0
734183619309,465376630157.0
734193652104,439212273370.0
734310836614,422033983418.0
734415141013,318012387943.0
734532297700,852281800581.0
734663743905,111829939005.0
734691206013,564243896864.0
734713643708,316066381004.0
734879604207,102986043913.0
734897197904,374474268410.0
734968556802,427413751493.0
734987291600,566271473127.0
735061020001,541611768757.0
735390343908,349961625785.0
735466881410,564564336097.0
735492999818,927584157854.0
735735926114,229900564127.0
735748646119,771321067649.0
735839929060,668115958896.0
735911995712,230812427348.0
735972222518,556713048284.0
736194575309,466018351154.0
736294348116,627769447837.0
736453825913,826901962255.0
736625598050,305912395518.0
736724197101,548624897181.0
736740965918,907866805778.0
736763832512,893286402448.0
736812641607,303745348208.0
736823661000,648166686295.0
736826262117,554898950638.0
737021098701,745183418346.0
737093208412,945772317320.0
737208291709,101802097495.0
737257521818,986924941057.0
737294206813,762619564708.0
737365287705,773575714555.0
737535717900,664951131292.0
737693233609,522637179698.0
737696064605,459391554960.0
737844333517,221541656353.0
738112825803,773795458349.0
738245181214,832788478530.0
738254900314,722223128535.0
738324716917,634362227438.0
738502915409,970413739994.0
738548794180,975868481313.0
738626340709,438583926376.0
738656499807,743259455729.0
738735293619,811069827311.0
738824016506,341405732997.0
738829570714,415077493904.0
738888489301,236307010559.0
738938333304,450809303010.0
738941029707,459389544939.0
738951964603,456615300420.0
739196479215,683798406406.0
739369272310,433498209684.0
739374917710,967697287670.0
739397234050,535490805066.0
739570809911,791073387888.0
739664343707,468053061587.0
739705565216,160166143708.0
739748507306,720819175797.0
739875350713,482460032535.0
739970309070,846335307403.0
740144033415,720053963465.0
740157087101,712401025841.0
740159890117,139437007076.0
740194213611,399092834585.0
740211116519,720053963465.0
740477363070,457765057674.0
740651573513,234191348963.0
740826820114,573145600612.0
741104095501,164774032970.0
741195517510,453008662859.0
741257410505,559339952210.0
741386556212,237148356717.0
741394082604,627606392711.0
741401625501,517742748511.0
741603248180,878524622244.0
741615983113,664124530101.0
741760982202,944365015914.0
741828468113,817310419677.0
741871357409,320859887531.0
742137875102,587341210336.0
742146784014,882221370917.0
742281313316,101720554358.0
742443641002,721305146970.0
742466084019,657548812746.0
742479896909,562151145510.0
742566413619,551159578520.0
742574975406,244887574431.0
742592356513,174664259890.0
742610731907,554059784746.0
742651842017,204802270581.0
742808485817,261834989729.0
742928949501,675145679711.0
742992808080,301340449222.0
742999361316,689656135540.0
743131679318,531061047861.0
743233281802,107164933621.0
743262627817,640306776948.0
743471309306,158024876973.0
743702627009,551159578520.0
744092802110,274410723387.0
744140621180,716793400897.0
744154122180,700816988926.0
744157822319,799956377733.0
744193624080,804641406000.0
744205764204,943216022128.0
744231575102,996491533305.0
744305721206,565500323119.0
744308652006,634965488471.0
744429430802,456615300420.0
744462369706,368830544069.0
744466252020,899295595357.0
744496586090,379029503250.0
744500214200,962971424804.0
744567697711,100778778937.0
744630593407,890580664180.0
744659427709,524077797506.0
744665372809,826901962255.0
744737653003,517098604163.0
744738488415,790661211264.0
744790676130,450809303010.0
744851537616,851384712636.0
744909639908,449968930909.0
744958690607,789134540835.0
745130633900,567094839304.0
745231469210,987318875244.0
745239515909,229900564127.0
745422187715,548187584565.0
745491590513,533034942040.0
745523336811,782610251238.0
745650034611,931475037206.0
745787767916,469395117752.0
745800783802,912428060012.0
745944920302,749383309234.0
745996499516,449968930909.0
746028971419,354188508686.0
746177256416,193291030400.0
746178967508,946217443521.0
746294517205,762099568321.0
746304295015,147494991073.0
746468221103,407989853089.0
746542998706,229430327520.0
746554144402,412061962934.0
746571806401,797045594084.0
746617810209,137791749281.0
746624747614,334427166826.0
746897500301,583107758421.0
746899348105,905681905638.0
747033722509,552168150469.0
747053955500,789867410052.0
747168006417,910380065966.0
747209719000,191065154181.0
747339584606,979009009877.0
747358926804,682465582875.0
747482196517,484859979758.0
747497172612,154620856797.0
747634673819,756533271608.0
747702984403,851104247916.0
747755565600,565964917193.0
747755742416,672635078915.0
747833617111,936258274112.0
747882165604,755029707491.0
748093869406,839379039600.0
748110672902,869783452100.0
748150593618,513271729260.0
748171302502,390576750731.0
748269334116,832577032496.0
748283905219,704316506216.0
748287881001,996996863740.0
748316575308,675448086627.0
748351145118,447791974272.0
748413320519,144704822259.0
748490651513,773575714555.0
748581785615,628699122590.0
748660688608,630022347704.0
748673794702,980742915800.0
748747830314,717141133881.0
748788168105,852281800581.0
748845005816,532182608373.0
748956845005,549636449528.0
749031437819,200575739888.0
749050987315,795353979910.0
749060279315,975868481313.0
749203775013,765224301959.0
749259249217,104335532596.0
749398812407,357320155462.0
749483152050,750521561440.0
749512099913,566271473127.0
749584757403,531171939025.0
749691724060,663536912698.0
749956275713,209548028761.0
749974440150,407569295552.0
750010742813,708381366518.0
750299980508,229896085700.0
750455686804,881559318595.0
751091558512,951643071037.0
751101023304,933359894286.0
751146975804,588387149463.0
751204687016,465376630157.0
751217514411,234191348963.0
751509648507,137791749281.0
751530005002,427413751493.0
751548700318,549636449528.0
752074284312,152090789600.0
752141636060,864989941234.0
752195099507,948556844020.0
752210137613,361066236321.0
752677529906,412061962934.0
752682114915,506563720974.0
752697250104,797045594084.0
752734688206,575246691819.0
752797849708,482823405738.0
752863058311,917109698948.0
752942265515,774790615750.0
753090600000,152526597279.0
753096361511,448258896637.0
753112488404,848663356186.0
753129454010,536119960714.0
753137490709,999104288588.0
753229063406,257902491991.0
753247445604,743841352744.0
753262760900,220334512519.0
753304917308,366306075980.0
753360520011,884769074746.0
753607402608,519373746531.0
753728041105,343456043459.0
753752284803,865638526335.0
753894881115,855583951495.0
753899621909,712401025841.0
753903292060,955164862722.0
753940544912,781085688407.0
753995178807,929638364407.0
754019325004,353729032188.0
754147105509,805902791850.0
754416706409,128355112335.0
754431859901,466319014252.0
754611912810,266650951044.0
754645070600,284862495870.0
754680993219,441390486279.0
754891805419,566950386569.0
754983717912,848439498604.0
755137517101,726308956091.0
755209972020,397586996312.0
755214623905,639394137453.0
755257341902,345144756719.0
755321293800,816946979378.0
755459508005,908795208310.0
755469713702,953145608562.0
755476449804,620828118493.0
755538695216,642810878957.0
755587626110,357075464787.0
755698604513,307324570602.0
755714147002,688276188400.0
755769434408,913108595012.0
755790842200,870992847587.0
755961468704,464830601680.0
756125538813,834534674631.0
756169271103,697652154859.0
756299448105,711728317650.0
756377751909,871106357750.0
756488633514,762619564708.0
756489883005,544673683993.0
756491691190,792925544623.0
756504711602,787871145547.0
756564440001,712401025841.0
756759958602,284138846910.0
756810976216,906028048490.0
756991786213,880842938614.0
757020300305,345899648751.0
757056690508,406170745046.0
757118524411,462240084840.0
757138298019,621813116376.0
757158132104,134140431750.0
757187491707,686033693979.0
757261103918,857888701621.0
757331410014,999104288588.0
757356990408,211273767579.0
757402585719,544028498646.0
757468280405,951164713938.0
757560489401,869783452100.0
757572284003,864859921615.0
757717701606,415583557390.0
757839159913,913623990503.0
757861160905,803607447245.0
757968145514,338584064817.0
758313087403,878213994770.0
758352406714,306929769573.0
758394184213,621987433025.0
758470498604,226334671302.0
758481445080,604525325444.0
758526176612,569204090460.0
758684989810,869215824355.0
758712910713,683798406406.0
758910187114,931652149395.0
758952931819,960265745469.0
759291670603,311034258170.0
759291850314,420114492139.0
759345421100,532527860967.0
759352159215,727086199307.0
759391462006,924529918365.0
759485638419,327219421605.0
759504711512,956028394671.0
759510784180,919569099637.0
759908709103,497910801860.0
759909630715,991728055010.0
759995428806,105085814836.0
760034877911,147595681352.0
760130028416,196922787197.0
760203327907,833077967517.0
760235636409,968305328863.0
760456447919,517098604163.0
760782945915,814514354669.0
760798623100,740214521557.0
760822726090,604279170287.0
760867168609,483490533875.0
760895870105,865638526335.0
761018264602,850612288431.0
761109912007,869744623729.0
761133134519,488882216559.0
761212800711,360799477808.0
761223354915,379126355803.0
761315603408,659443690057.0
761318436308,999104288588.0
761443222107,181312683555.0
761462734701,191962597333.0
761548585214,539129945400.0
761632249604,694009863434.0
761673109303,310155434312.0
761699019809,148953337271.0
761760185110,461154312295.0
761871884609,565500323119.0
761915431614,583976147665.0
762066730800,747695518310.0
762191344805,890580664180.0
762207943013,591056385033.0
762460862100,247542242474.0
762546335214,229896085700.0
762563204402,147595681352.0
762572130112,831112509809.0
762572292009,694009863434.0
762644496401,565447457244.0
762718253118,603164663516.0
762758620407,380395267044.0
762765778411,773795458349.0
762853518000,331903161738.0
762939584103,989830143249.0
762985523501,471125483124.0
763064680202,838359798887.0
763100032007,247339916311.0
763136220917,619673390607.0
763200246001,995688977401.0
763228497903,986734342769.0
763344008107,421113542053.0
763351201314,637467916719.0
763477772619,206064848082.0
763716301206,851104247916.0
763822151405,953280067400.0
763892919900,852804424012.0
763906307110,113454731726.0
763937578010,950711358994.0
763992214315,509976828072.0
764006923004,122550888781.0
764041116910,793272661379.0
764229956907,699542607016.0
764333991402,402527921787.0
764400889902,987015453294.0
764404590600,817310419677.0
764449658911,976483417910.0
764522999614,838067541905.0
764535880807,127820204330.0
764554873901,309306761570.0
764604615703,803607447245.0
764843196610,387173716215.0
765087968811,294943397516.0
765172179119,428742869115.0
765212945904,391028563408.0
765269309312,102075977289.0
765292518910,952093855517.0
765526999210,164626314219.0
765586913010,679598515802.0
765710826004,652056527909.0
765717396901,808746377378.0
765777081150,356054113353.0
765845234509,216039051721.0
765907009411,901944430651.0
766123056416,904442276808.0
766261687417,441390486279.0
766435920115,643493573504.0
766472261917,803607447245.0
766526246107,551636725607.0
766537162205,869215824355.0
766618159100,244713621878.0
766718936140,571497959934.0
766880527904,850612288431.0
766945073505,209548028761.0
767009483802,204843511787.0
767023005300,956826958410.0
767070019312,743992929134.0
767086837910,846911854740.0
767164764516,173817907479.0
767225994316,160461022719.0
767239309120,382981147007.0
767374639106,456615300420.0
767567186911,657619826733.0
767983083304,762608171855.0
768032886120,818702462027.0
768042931504,450655767157.0
768062363116,768452057290.0
768072986112,228159547172.0
768107916013,170934793800.0
768200778105,275045309295.0
768249758505,628626216221.0
768393836120,511549470139.0
768471847504,124323419784.0
768504317904,770714754399.0
768543072800,703833576670.0
768634939510,147658953745.0
768680067107,343486351227.0
768774712516,342181276370.0
769014751610,283612965463.0
769124737113,535300291570.0
769126456000,487198233765.0
769212627519,583976147665.0
769234400000,707055000245.0
769258904309,441390486279.0
769521456115,936325347962.0
769669845409,843851605117.0
769675259506,987318875244.0
769693677906,511081344627.0
769715300605,129793999262.0
769716638809,465491049210.0
769756323090,584189602132.0
769951501511,366306075980.0
769984370718,808098810621.0
770001537709,104232960812.0
770004883111,620883261953.0
770166244311,283718352300.0
770440056103,488187841204.0
770455301701,463641271445.0
770504837202,466319014252.0
770513021303,148214372044.0
770550509011,406370189221.0
770585561418,549636449528.0
770755516020,235450391193.0
770760947601,866540828698.0
770796191202,266766994201.0
771077071401,662819608598.0
771117685200,412061962934.0
771160237900,252982746393.0
771194518919,116618543436.0
771428993318,626430250300.0
771514696711,863552602779.0
771618483217,237148356717.0
771665557011,466345238126.0
771720552216,738063321244.0
771794960810,235274687122.0
771840953115,277334612020.0
771851267030,868461294982.0
771890828120,160374928053.0
772141646716,362878369660.0
772173691709,793349862460.0
772181924208,466319014252.0
772315872801,299483876417.0
772366070114,998571361857.0
772510981313,556713048284.0
772519880807,354188508686.0
772566455718,745183418346.0
772570576202,844656798980.0
772614208914,853661054140.0
772828332506,438583926376.0
772849316113,160166143708.0
772857986409,973723041865.0
772878581001,252025300486.0
772880835219,985346859249.0
772938924030,300704303705.0
773105022514,773575714555.0
773133487802,330468723900.0
773167938080,495697773313.0
773236172806,477206724192.0
773268775105,925994934652.0
773338612312,209548028761.0
773360641113,871106357750.0
773547939601,553280589959.0
773643120618,529765881502.0
773661397802,869783452100.0
773679200009,513512977514.0
773792145814,631388617100.0
774171687215,630107429700.0
774171798603,299859778020.0
774282228319,402716734944.0
774305296206,101720554358.0
774317920050,156465442746.0
774366381103,779376277769.0
774383133518,181312683555.0
774429720100,860884762520.0
774454990204,846335307403.0
774494476018,984094581729.0
774499222103,122780671853.0
774574615604,801380315410.0
774708806711,951587392070.0
774831040113,883227520040.0
774945194503,645622251793.0
774965657701,712401025841.0
775069037905,958321809211.0
775108434305,780290183470.0
775238754706,984062314250.0
775241491709,781085688407.0
775272141811,403770358340.0
775299655719,325094470922.0
775386187819,320736253044.0
775426427812,469856027449.0
775444816414,426097272894.0
775452099506,535426234605.0
775486352501,496880767068.0
775537717104,338499305940.0
775571255219,593824885363.0
775587791802,652814694050.0
775610493317,750108193353.0
775637994206,299939222251.0
775653207314,104335532596.0
775658843030,915009685643.0
775704961704,104110055675.0
775891739513,325403387620.0
775947257505,916565754207.0
776027813409,271936096806.0
776235535619,906994285950.0
776250602308,756533271608.0
776303302116,191962597333.0
776323757913,736485045443.0
776459065416,356054113353.0
776512462103,397317536784.0
776519107201,303001786321.0
776922648814,220461474506.0
777018503413,150801800340.0
777050469204,623141860859.0
777054557211,678350864785.0
777106717611,785138622641.0
777134723304,641528871038.0
777169884005,832925420611.0
777301421400,225956965779.0
777312775117,764848680706.0
777386722202,942183360195.0
777560440114,997662711433.0
777630842110,685393680823.0
777725637509,926237911333.0
777891095801,999104288588.0
778074178312,517940519005.0
778202410503,498576189494.0
778209423910,780290183470.0
778323779611,767262027955.0
778332793604,343456043459.0
778359889201,639615257315.0
778453447516,745183418346.0
778485954119,440994126470.0
778649165117,523803941161.0
778723462102,382981147007.0
778950938102,789134540835.0
779052214400,837895141759.0
779162565213,907997599560.0
779170181505,514395403960.0
779187865070,837895141759.0
779200211005,113247672699.0
779339959006,991261569593.0
779343838616,814817194714.0
779425444109,469395117752.0
779544591310,639394137453.0
779550776103,383537704040.0
779569180118,181312683555.0
779594080506,628699122590.0
779629760110,330192005791.0
779721021603,743259455729.0
779824409903,642810878957.0
779883052050,685393680823.0
780055786113,206840103160.0
780111545014,668115958896.0
780311854707,909754987511.0
780482110170,865638526335.0
780561129617,349335003330.0
780882853705,554202657126.0
781366416901,962008075355.0
781420834614,497910801860.0
781466251130,727747049200.0
781932292414,266109945145.0
781948632104,230834082759.0
782023103012,456615300420.0
782056179050,137606031944.0
782092505211,894966720600.0
782118935800,591056385033.0
782190710301,289104353076.0
782255095307,109200577575.0
782284321407,374988930244.0
782290586902,951587392070.0
782391413000,257671767490.0
782606093204,303343926896.0
782639539116,164659847043.0
782643277005,833817236211.0
782698543012,704968827504.0
782724310912,716571756940.0
782853010612,173710676890.0
782887508407,482375767671.0
783016618815,466018351154.0
783113410110,904557715723.0
783161425702,180025611780.0
783396896312,891286983719.0
783406977714,161245845297.0
783475242030,951643071037.0
783502400811,884769074746.0
783740021808,720053963465.0
783803157105,884855887500.0
783845739712,580550793953.0
784021917713,406976619436.0
784234806718,844119722055.0
784294238409,240799561922.0
784314368817,796270433976.0
784373044090,422033983418.0
784681873406,178426099594.0
784704529813,235440924456.0
784854520700,425693804207.0
785045013120,571497959934.0
785121919300,102075977289.0
785132067211,818818799925.0
785164382619,205202524145.0
785350467102,131622483256.0
785374092500,922458349100.0
785552357416,497985779530.0
785629430507,887552453273.0
785635628411,439210638760.0
785766903716,487198233765.0
785787607417,870259977651.0
785827522611,720053963465.0
785829603516,869850820020.0
785963172707,496880767068.0
786138548208,285084074350.0
786200359002,564564336097.0
786204359410,636728050655.0
786235929804,283718352300.0
786397401406,665690445605.0
786460851813,931475037206.0
786461175918,870259977651.0
786481237504,428297485997.0
786618333700,801295640447.0
786619535114,571497959934.0
786804651319,392890895973.0
786830862008,774405534242.0
786892740800,857893305732.0
786918935704,874268018611.0
786957434701,273625416949.0
787025271801,265873874821.0
787043125109,234192976502.0
787072998318,462240084840.0
787103897000,718804030747.0
787219942911,718051902350.0
787234570005,413171982547.0
787277750311,625300901663.0
787476677311,998963822666.0
787587201500,578597721357.0
787605126810,265656162391.0
787715550206,153329746164.0
787726378806,685171778045.0
787732030809,471125483124.0
787801580116,697652154859.0
787806296117,828001898489.0
787855529403,102986043913.0
787872044208,185940878032.0
788113894609,973599578455.0
788316821014,772321604944.0
788419755030,751723326481.0
788462015303,825649384044.0
788568160107,855583951495.0
788808450050,383537704040.0
789041481711,833843657633.0
789074647514,548609528105.0
789117470700,192052858130.0
789142135310,943166955512.0
789395108701,657548812746.0
789400973806,326152769961.0
789418953019,621491787152.0
789446013112,782251253577.0
789671209119,343456043459.0
789739692410,673712261640.0
789743448005,694550688092.0
789820515003,922846241615.0
789866584610,525944668452.0
789909035607,962008075355.0
789981613601,397952299724.0
789999373716,294943397516.0
790002006614,381772856026.0
790036120601,137791749281.0
790071388014,103539144205.0
790131638319,957876165252.0
790412257908,999104288588.0
790429095314,115132067432.0
790575002707,650715180830.0
790604944603,296880117127.0
790616666809,360799477808.0
790747759200,974839396291.0
790851054513,438583926376.0
790871902205,558844976270.0
790878019208,110774820109.0
790881856413,454460390909.0
790940986315,808180704672.0
790957240204,861140573631.0
790970880214,733656259914.0
791031080807,170220892202.0
791090616316,860884762520.0
791343566807,488882216559.0
791452197713,808444491194.0
791526586106,637487209081.0
791527514612,651018415244.0
791661842180,561934508086.0
791668531401,410846485790.0
791838932702,368830544069.0
792008238505,501225005956.0
792031076219,637467916719.0
792040231418,125229281120.0
792058445008,503929384036.0
792123794505,769789729926.0
792239043412,852001413727.0
792272513100,642365587218.0
792326597206,979403510512.0
792333168618,113028261601.0
792334584019,670879894542.0
792687083009,774202199846.0
792737762318,448258896637.0
792789854918,136514175036.0
792817187910,960674243357.0
792841725709,201125749404.0
792970392608,645609972910.0
793191121001,358962148462.0
793231083919,540983807470.0
793555284118,829546367764.0
793561589100,618434161412.0
793582079813,204843511787.0
793647535118,825144558878.0
793722438710,179354058346.0
793763770113,469395117752.0
793788763400,965388443624.0
793934139319,540340714843.0
793998597903,368100214297.0
794058260912,637467916719.0
794157548509,364108394419.0
794224680001,451698309653.0
794229137507,272431346338.0
794449194517,493343992417.0
794559779504,869747813168.0
794726939103,153329746164.0
794734030608,637467916719.0
794757477113,517987713838.0
794782991311,114208042116.0
794919380707,899627759918.0
795033050718,907997599560.0
795112035710,537284954563.0
795400388020,505127796341.0
795427759108,233660861011.0
795552244302,832577032496.0
795562109104,608053367682.0
795564901710,262676561182.0
795757361914,962618607291.0
795851541190,658723065538.0
795926393105,184568807536.0
795947370404,312436747079.0
796207746116,194813640026.0
796223195080,959899157292.0
796317550908,170625493848.0
796356727610,519373746531.0
796534817114,167682079016.0
796536788113,474907418435.0
796581817419,645622251793.0
796582111000,250187185377.0
796599364215,309946197208.0
796601529000,939437109289.0
796625531140,935524311589.0
796696412140,814817194714.0
796714382110,306796326021.0
796751047419,743734196556.0
796806958212,679598515802.0
797026986806,686033693979.0
797133865102,928821138841.0
797183606800,436349451110.0
797217821501,337047087637.0
797229839710,952931536932.0
797300820314,644795591683.0
797380227103,969209323100.0
797435939614,965388443624.0
797517730070,145873174702.0
797562206115,551159578520.0
797629582006,356003559972.0
797723229515,407989853089.0
797765539040,717141133881.0
797844768006,342823326402.0
797869376410,353729032188.0
797930523104,726034781680.0
797986462713,422033983418.0
797999872411,443316601963.0
798134742816,603572680280.0
798224111808,540340714843.0
798236969005,165461602989.0
798288700505,844477942656.0
798343580919,212125361605.0
798524921703,850612288431.0
798631446802,158024876973.0
798655443405,331903161738.0
798684404130,469856027449.0
798754308815,401195477807.0
798995904315,380826140274.0
799087481107,237148356717.0
799093380102,621491787152.0
799138122902,889831307648.0
799211783707,425007206914.0
799257109706,461167593390.0
799261218020,730217330795.0
799307325410,640430047988.0
799557866205,924620688301.0
799614990306,593149070244.0
799755252315,449692042560.0
799773661015,156347499505.0
799805877018,102075977289.0
799915713213,145321091171.0
799916178508,729958088711.0
799921699616,806429279020.0
799950266001,179160022930.0
800006945305,167682079016.0
800028792704,161870668419.0
800077959702,862574059583.0
800444584704,460312063800.0
800470152510,871106357750.0
800708484616,113028261601.0
800749279708,967848042800.0
801021754502,683798406406.0
801122404004,325094470922.0
801301074602,886591177551.0
801314805500,366306075980.0
801423681805,100995600755.0
801443916515,722143793474.0
801486305704,582822283274.0
801507482308,516144651102.0
801525732709,780290183470.0
801920333812,252025300486.0
801972045215,390715244001.0
802004535401,787647139809.0
802024995919,594300703716.0
802082757301,439784150799.0
802101668206,928638175619.0
802194151816,898009916066.0
802216719002,685393680823.0
802348016117,880842938614.0
802358469108,626430250300.0
802373161914,847938339758.0
802431165015,771321067649.0
802449633816,365029402560.0
802527853501,134412453357.0
802533963020,306796326021.0
802554088316,267590407483.0
802564775180,808764281666.0
802674791618,762099568321.0
802822824608,280245900258.0
802888033616,444943113751.0
803059675001,918667144162.0
803086057000,697973474571.0
803106188013,149125077195.0
803110302507,818702462027.0
803194368606,952931536932.0
803194860813,852804424012.0
803198464007,621543732578.0
803275225406,803144059391.0
803321944201,928821138841.0
803326008130,462711126320.0
803448306003,895586132082.0
803703607405,500340929011.0
803757371101,532109963464.0
803867300301,858273380737.0
804069260915,664951131292.0
804086039901,917297189843.0
804106121813,320859887531.0
804220261314,247213538548.0
804343225017,551159578520.0
804404096906,269891440569.0
804489596170,892443286853.0
804490893413,817870447679.0
804593603170,365870180565.0
804678119900,561335498000.0
804841139907,803738347158.0
805037596619,261834989729.0
805130116914,698011759810.0
805156710819,766319547653.0
805163244607,181713516307.0
805187802816,405764140161.0
805212703318,627769447837.0
805313548403,991261569593.0
805368904130,795353979910.0
805518925040,544673683993.0
805585125017,228159547172.0
805589398030,585421590272.0
805604852903,289104353076.0
805673410603,460312063800.0
805714017305,417631742872.0
805957443901,989691708138.0
805993781015,105246016894.0
805999785202,750521561440.0
806034746908,187554387173.0
806049724104,752691709288.0
806099983205,933359894286.0
806186669516,588020856803.0
806197672014,426642430939.0
806206796310,211148260377.0
806283954150,620579941731.0
806331759717,743437890485.0
806362891205,558300061869.0
806561168217,958278320036.0
806567091618,762099568321.0
806576613619,316722240745.0
806601633902,814514354669.0
806694868806,647845993507.0
806907929213,216039051721.0
806914752912,911426120637.0
807037996214,510204384436.0
807042017519,147658953745.0
807063491000,156767932900.0
807075418090,891286983719.0
807077373901,456263622577.0
807143415618,793916579960.0
807190055617,482397041840.0
807218029202,108212754051.0
807282362110,434439459788.0
807323898809,325094470922.0
807391982160,636321331695.0
807414745217,321427390528.0
807478573801,129508979863.0
807495353000,191923451211.0
807548134708,220114967848.0
807873256514,930243698258.0
807948085011,349102432299.0
807999589050,985893215240.0
808174228503,878516405417.0
808314766817,373953921670.0
808475649710,888084065467.0
808508628508,521765798289.0
808624024710,986734342769.0
808650368900,989287606601.0
808700160901,671845107959.0
808755585105,345899648751.0
808802679911,235141213197.0
808912876403,561019356087.0
808995138502,214894109917.0
809007139804,652056527909.0
809009729004,630598623035.0
809059289306,230856495907.0
809295297202,675448086627.0
809319231617,952931536932.0
809332566006,917154959110.0
809402807811,402527921787.0
809430149050,443114352930.0
809658565003,109200577575.0
809741952613,391147008994.0
809750714317,871225562510.0
809866384017,418768841671.0
809903589501,298832698747.0
810008860910,449692042560.0
810064310700,683798406406.0
810162054302,625300901663.0
810176604900,273660327245.0
810331626814,240716362594.0
810398767405,641528871038.0
810462812912,832643535588.0
810489208714,539003589072.0
810490268314,563893397453.0
810561024404,172732342752.0
810698547910,987015453294.0
810969558507,370707534009.0
811009625119,399092834585.0
811068986307,943216022128.0
811281277413,368370246360.0
811410750200,571497959934.0
811504429609,284182710360.0
811558795205,650581544120.0
811599384615,847938339758.0
811655086913,364555592181.0
811666944115,550586881300.0
811686746608,103539144205.0
811815947400,156347499505.0
811903753304,754211300616.0
812138472908,139662097130.0
812159235707,104335532596.0
812168499804,434313163800.0
812222571111,742664884840.0
812333195216,576736430075.0
812410436307,477086873578.0
812510523704,600504897471.0
812659872000,381772856026.0
812664656208,282897339267.0
812859452710,265654407425.0
812902206217,381772856026.0
812969311619,848439498604.0
813054070608,443647627970.0
813082185802,634965488471.0
813092169010,441390486279.0
813202964210,980742915800.0
813220482116,914129095286.0
813316558101,751723326481.0
813514618102,164659847043.0
813530359918,545399604353.0
813541873601,290574370706.0
813557742913,598928978798.0
813585546111,394053837303.0
813629596705,468053061587.0
813839331700,171252875559.0
813943743916,621491787152.0
814096547312,306305322928.0
814140936006,225956965779.0
814173077207,617486560884.0
814232471910,556713048284.0
814302629317,325226758773.0
814367733007,459394316805.0
814419128407,269089243303.0
814590632612,160166143708.0
814620041000,904298439054.0
814904838715,745183418346.0
814943577714,797045594084.0
814976158005,505508123434.0
815056416808,736074393075.0
815153570904,228159547172.0
815284845710,392890895973.0
815289891004,667321406540.0
815318648306,438583926376.0
815325303705,881590725059.0
815598603102,965679007279.0
815659389919,401777035143.0
815769562900,318861165728.0
815936991906,140890672615.0
815949870114,275045309295.0
815989615018,965388443624.0
816210641600,218145185534.0
816362435417,760547583171.0
816389679402,846043077195.0
816486171508,722143793474.0
816528488416,860884762520.0
816650448313,789867410052.0
816653456104,844124878302.0
816688553003,729958088711.0
816698243512,839284226998.0
816811245601,601384079002.0
816861661130,542775468118.0
816879343210,722143793474.0
816909629706,605928009059.0
816931908215,511458337101.0
816936007809,176278738395.0
817049965316,740961974413.0
817069623507,938165576989.0
817211435005,306929769573.0
817278764304,450060076936.0
817296136318,271606323631.0
817301393180,955164862722.0
817344025808,909503897297.0
817354642208,621813116376.0
817425354205,144704822259.0
817486598203,767861761746.0
817604100813,624615569351.0
817689481306,980742915800.0
817696029005,828521842834.0
817718530611,776783468157.0
817766341510,803607447245.0
818252411503,957625022374.0
818342916317,209548028761.0
818364371702,122770128726.0
818417512180,324889168206.0
818450133712,422412625359.0
818533796201,300656870253.0
818837681806,732291984090.0
818910753901,240584021465.0
818965555409,554238096385.0
819070853709,936258274112.0
819135954418,426097272894.0
819453045909,447791974272.0
819478318309,225659055493.0
819624616614,966667807133.0
819635729406,357075464787.0
819646983707,110935422744.0
819682419319,225659055493.0
819881177810,284282786602.0
819886571015,641923451984.0
820052328315,448258896637.0
820065056819,271936096806.0
820116593007,136211867485.0
820147659090,587341210336.0
820351004414,563059587350.0
820426771914,778946282893.0
820442591807,498576189494.0
820443353603,803607447245.0
820520122307,382771222705.0
820761609717,381425264720.0
820768676811,332078986205.0
820919846309,469856027449.0
820945515020,171252875559.0
820975959307,927948192565.0
821039965409,686694562690.0
821247540307,683381189529.0
821395463712,970413739994.0
821411534108,697766307442.0
821471905170,105405240559.0
821626167116,383184354827.0
821707873060,730340479104.0
821730464905,843851605117.0
821875912105,225978615740.0
821910343600,642134834655.0
821923766701,650493242851.0
822089799004,272919422864.0
822137711700,959899157292.0
822311742717,893286402448.0
822312763140,259186636053.0
822434457010,955709793467.0
822436855619,657548812746.0
822475977804,793349862460.0
822498154404,498326322368.0
822622769107,811069827311.0
822666605700,997340084111.0
822722761213,967284175111.0
822724965816,865638526335.0
822794472109,378246041674.0
822914247706,756533271608.0
822939594310,418707042036.0
822945087050,103317127411.0
822945410700,766406698847.0
822949839406,368370246360.0
822986209080,481524551011.0
823018588104,465390829640.0
823030381307,269478368778.0
823220390800,430456369750.0
823247863301,747599120754.0
823281966170,771321067649.0
823305669510,702216903485.0
823345464417,384287738934.0
823401069814,191923451211.0
823407329918,241382338482.0
823438612308,636321331695.0
823550941605,919569099637.0
823848838113,318012387943.0
823897302704,564243896864.0
823943491710,925954257930.0
824057417000,660561929475.0
824132789014,331903161738.0
824174982510,406175989204.0
824176130413,319741382403.0
824217172501,801843185583.0
824399561180,694058811510.0
824441294501,668115958896.0
824455706910,367772860584.0
824517028918,349405533870.0
824676456709,565500323119.0
824939283012,791609791935.0
824942082706,904442276808.0
825037735611,760097124166.0
825140349209,361961709780.0
825160027115,965388443624.0
825189623903,396882235154.0
825313059407,401725669986.0
825335745901,629128965369.0
825359634809,254208781333.0
825683322010,500647653382.0
825703742180,367772860584.0
825886503006,600954005371.0
826037535706,397081534961.0
826115810719,736074393075.0
826168603601,923044369354.0
826215831600,700816988926.0
826362433603,306796326021.0
826424320708,404434920850.0
826428574613,847663392152.0
826808303203,847938339758.0
826839717008,906567474827.0
826926889604,455518908109.0
826941212006,232542422895.0
827296694511,448258896637.0
827544437003,199658681106.0
827546161904,483490533875.0
827859242108,582822283274.0
827880428419,205372715065.0
827921352203,727231075396.0
828071752704,613821930927.0
828105854110,828001898489.0
828274979170,439210638760.0
828301551500,193244214379.0
828315376709,482460032535.0
828346256004,388902763931.0
828440768314,117202038490.0
828458239512,621987433025.0
828516549319,949201489524.0
828700643019,591056385033.0
828776516020,688192361710.0
828794634816,772003599545.0
828801784212,637687400071.0
828822224811,333494753419.0
828885269308,155723346588.0
828917620509,262675409150.0
829034539318,613201316191.0
829059956906,103539144205.0
829115402915,648676892021.0
829147367150,393267530063.0
829166309101,323263454048.0
829255549311,171252875559.0
829362242918,782107741114.0
829466005417,610085691013.0
829677541719,876615642608.0
829690402102,482375767671.0
829732796308,906567474827.0
829755547712,989691708138.0
829801853101,789867410052.0
829899677410,817836821216.0
829901881719,467566346992.0
829943912505,675731527750.0
830018102150,213881165240.0
830183778719,129793999262.0
830191777114,145707840661.0
830294119918,978017262177.0
830356521610,612361027771.0
830506302612,123610247725.0
830543013307,494138008956.0
830625838705,554202657126.0
830638726109,650715180830.0
830668086606,370707534009.0
830694381004,235450391193.0
830929311808,964038312692.0
830937691011,737997071598.0
831143798319,258756157654.0
831375437516,160374928053.0
831614775305,291958123799.0
831798597617,415583557390.0
831819767211,220461474506.0
831941005402,430456369750.0
832320673030,625956140335.0
832419305205,368830544069.0
832422555802,443647627970.0
832551359050,382771222705.0
832584762509,846440239782.0
832612318408,575439467491.0
832645700117,163166682710.0
832680479707,960265745469.0
832833785314,606279904557.0
832909210515,412061962934.0
832986743514,281906827782.0
833130723402,903784295803.0
833193319708,645622251793.0
833524481901,773372413477.0
833525679608,886487779278.0
833544967009,832577032496.0
833571630119,609744968428.0
833611762809,952931536932.0
833667252406,261834989729.0
833671342900,583107758421.0
833764653909,897213045492.0
833819653040,397317536784.0
833872256806,149125077195.0
833959156809,532126243790.0
833996204300,145095873288.0
834001818311,565500323119.0
834012922803,277211799058.0
834080040407,142132061267.0
834085286190,766074739422.0
834122378811,549636449528.0
834216819303,732211167750.0
834232496307,803607447245.0
834350689307,127138717567.0
834819704160,309322784113.0
834867594315,427699899903.0
835133530612,902648670544.0
835205927319,455518908109.0
835314775319,981497446971.0
835448270910,706178563284.0
835467690106,852305754425.0
835468013005,349335003330.0
835614190910,558551918580.0
835773833307,544028498646.0
835821671011,194171094958.0
835894961317,497910801860.0
836037484513,374505616495.0
836042396511,846347274600.0
836069767503,441390486279.0
836090492501,240584021465.0
836180702020,303343926896.0
836296996311,220114967848.0
836402611512,956801981716.0
836522828809,888084065467.0
836555566707,145321091171.0
836607765101,306625463603.0
836625418907,323838031889.0
836660417502,236307010559.0
836784665312,718862534067.0
836804651916,567094839304.0
836845768803,626430250300.0
836854416519,191923451211.0
837151702310,225956965779.0
837165077417,847847985934.0
837466267808,966019682205.0
837503475409,707055000245.0
837743863609,601978395850.0
837797635607,985893215240.0
837879095915,697652154859.0
837879812107,642810878957.0
837897395207,794928927235.0
837928196502,831085066613.0
837937029918,569725163603.0
838019019915,100995600755.0
838023120302,240852521685.0
838042293413,597846892816.0
838080935512,282698267719.0
838157098010,561934508086.0
838163187040,762608171855.0
838172053619,685393680823.0
838308002214,284282786602.0
838358788311,916637622750.0
838390358414,895586132082.0
838483761003,554059784746.0
838698011001,184568807536.0
838747134180,438583926376.0
838966358701,844656798980.0
839200992604,233660861011.0
839227782115,699542607016.0
839296568108,354782656172.0
839325795090,514694528836.0
839359506010,505029908985.0
839360996602,220334512519.0
839449962804,730340479104.0
839509600709,118556878692.0
839570749706,451105331710.0
839905879301,347293140776.0
840013281170,919569099637.0
840046529904,790101315365.0
840086829518,716231147722.0
840117586120,939437109289.0
840204957619,360855339041.0
840320920001,764469437992.0
840433997060,627606392711.0
840447655000,713869520934.0
840488386417,320736253044.0
840509389304,207116196373.0
840513991119,380367171209.0
840517731005,932300131241.0
840713116719,672635078915.0
840739666514,561019356087.0
840992311503,717141133881.0
840995712608,817310419677.0
841042590907,511669807644.0
841057371613,610085691013.0
841163921415,185837533904.0
841243767617,742664884840.0
841429918120,790101315365.0
841498669516,951164713938.0
841522278002,689656135540.0
841522371716,914602361082.0
841548395107,252634963841.0
841718399314,776282348484.0
841729867412,532126243790.0
841837553414,421113542053.0
841844956516,513951201753.0
842027667119,942998792962.0
842044803700,315197409043.0
842194034509,566354734208.0
842206901814,684044151585.0
842220959110,844477942656.0
842303078110,535490805066.0
842434071408,874356304579.0
842496909408,666051012896.0
842515027180,833077967517.0
842592727800,363753562149.0
842700239200,202971080983.0
842768924160,469395117752.0
842778019019,989691708138.0
842800809209,310485097973.0
842907677101,695568750364.0
842982388213,101720554358.0
842986879506,228159547172.0
843053233500,884769074746.0
843086423007,847663392152.0
843137013617,349102432299.0
843165621102,617486560884.0
843331076802,619283292930.0
843425556407,903784295803.0
843474148307,443693051028.0
843552959918,310026981901.0
843661635708,565895115349.0
843749351503,382042337021.0
843789029412,641923451984.0
843858119002,511458337101.0
843973078508,762099568321.0
844057323418,949848063692.0
844191991211,484447596668.0
844227541800,629791882697.0
844251601306,323263454048.0
844373017213,369044169505.0
844468928900,421113542053.0
844555557003,325449051173.0
844731676916,287032226330.0
844753636306,116402150440.0
844921456014,779918786150.0
844951672000,864989941234.0
845219337018,519373746531.0
845249150050,625956140335.0
845416231607,857984614330.0
845520524807,306305322928.0
845602920160,641923451984.0
845611671519,751488680547.0
845670238015,711728317650.0
845902031916,448258896637.0
845928812904,729352451324.0
846079724807,443114352930.0
846179335801,548624897181.0
846222853903,230834082759.0
846370768819,425931243115.0
846418255101,321821050981.0
846462968710,891286983719.0
846609626060,776269339955.0
846612396616,325094470922.0
846702031519,713477415082.0
846833998511,910471171037.0
846867410317,717065165845.0
846883495213,968305328863.0
846933625309,142959374045.0
846970647019,450655767157.0
846979617504,347745483760.0
847044825602,666049351720.0
847100546815,900813191563.0
847133011313,694058811510.0
847281174119,605332037270.0
847304203714,352598911990.0
847566855414,951643071037.0
847588664202,765076548089.0
847619902207,700816988926.0
847621448509,432124811391.0
847679789912,637988264421.0
847796139515,196922787197.0
847896468415,665161316799.0
847909920617,713875402707.0
847943812905,886487779278.0
848028404019,762099568321.0
848073662615,638766186891.0
848255755413,820702811959.0
848260619118,455441231552.0
848329813814,540879830584.0
848422067411,403343800505.0
848436275508,713017721780.0
848578733507,648166686295.0
848604148616,484447596668.0
848613866200,469856027449.0
848712526000,730995516170.0
848713691600,760988049505.0
848891878715,900143341205.0
848968119818,922797403006.0
849064997900,335442401411.0
849076399319,793349862460.0
849153132816,164774032970.0
849220513070,497341843131.0
849243803619,822047226874.0
849299113407,800375071356.0
849325294100,961613767117.0
849366521000,617400722600.0
849369597160,197531331119.0
849476441209,699542607016.0
849518128915,910875277619.0
849526337617,642810878957.0
849556680011,825160145827.0
849678281517,814817194714.0
849718580203,170099214320.0
849788348916,501225005956.0
849949583112,840363555908.0
850073451717,469856027449.0
850122308610,498576189494.0
850208714140,867433184497.0
850240748714,368100214297.0
850451742709,354782656172.0
850625256304,247213538548.0
850776350808,370409134898.0
850883825003,891286983719.0
850927930914,963787312649.0
851072946310,265656162391.0
851137569214,908285154571.0
851219403912,595525475586.0
851269706113,957665146586.0
851388528701,187554387173.0
851404551400,102595518630.0
851436575819,975868481313.0
851502458914,865638526335.0
851562095612,764274713387.0
851592691612,626430250300.0
851804204710,956801981716.0
851863009217,204802270581.0
851904443010,796270433976.0
851926622301,261834989729.0
851968378408,571497959934.0
852066607105,359343403801.0
852083698130,307908517516.0
852150929130,356446961629.0
852284894902,127745328232.0
852361870111,331903161738.0
852363443815,722223128535.0
852504624210,122550888781.0
852556531715,544028498646.0
852704982002,999019978361.0
852882084515,173675519298.0
853083967802,910336203303.0
853131174706,863608276810.0
853224705010,420114492139.0
853308561715,247901214219.0
853409871000,886955125660.0
853415560913,815706728870.0
853526829010,853661054140.0
853628570213,548187584565.0
853774493008,945083258758.0
853899139004,487888083895.0
853968975213,201418443866.0
854060595010,974769138850.0
854115630150,641528871038.0
854254794608,819150795248.0
854295234103,848439498604.0
854330125216,309220474972.0
854358052315,222558491908.0
854455245609,788843264770.0
854501094606,864520430820.0
854512495916,275952282300.0
854549695408,110935422744.0
854576598303,890200738607.0
854578540501,910000655414.0
854623262918,622797326730.0
854719474400,570381677577.0
854737531916,906028048490.0
854749523906,694058811510.0
854751557716,405764140161.0
854837547514,576015948162.0
855060523905,237148356717.0
855169470010,325226758773.0
855214167214,865638526335.0
855224710170,793254693376.0
855257878318,421113542053.0
855516140916,793349862460.0
855525607605,692686425729.0
855583315408,950508877480.0
855610652019,819150795248.0
855651605908,200815987195.0
855660595002,112674682810.0
855732903315,583976147665.0
855795109215,790661211264.0
855889523410,541611768757.0
855940748214,468508189267.0
856147733515,664425595770.0
856447447708,634750168965.0
856492153718,868654257341.0
856531687710,220461474506.0
856534846203,145707840661.0
856624328203,881559318595.0
856679332900,404434920850.0
856723627002,300656870253.0
856727109014,144113114446.0
856806817913,227627760239.0
856897327714,847938339758.0
856992430809,148836824425.0
857000157511,211148260377.0
857005194190,712401025841.0
857154384105,807241154023.0
857230629020,708381366518.0
857285753315,618542440960.0
857319554517,357604450500.0
857335180207,693745110100.0
857358971919,455518908109.0
857491416603,450655767157.0
857571943105,471482163768.0
857602156020,649229929900.0
857641595219,435011588868.0
857643972801,534816546794.0
857775515610,763915906796.0
857822642506,949848063692.0
857921191218,290082021407.0
857942506402,745183418346.0
858051857117,716788644341.0
858053425300,675144831250.0
858063329100,700076470973.0
858075812806,979984170712.0
858096646190,170969005845.0
858139691070,890580664180.0
858183721912,484859979758.0
858224261614,523803941161.0
858243898304,965388443624.0
858633087502,928925434799.0
858647187307,124398520803.0
858659371102,554238096385.0
858670527814,949201489524.0
858741291601,708443691900.0
858840775403,284446641982.0
858904469010,436349451110.0
858907193718,523803941161.0
858959450717,345899648751.0
859335035513,587708069843.0
859438733416,951914899826.0
859487192602,620197260152.0
859533203519,746621611007.0
859535862603,379029503250.0
859540790611,704103807356.0
859596282510,315176697812.0
859658237315,468530712577.0
859710672904,125229281120.0
859764358613,247223296933.0
859833157817,211148260377.0
859912690101,273625416949.0
860018003214,102075977289.0
860028367318,503929384036.0
860042057506,235274687122.0
860149676707,967284175111.0
860189729102,616512937370.0
860255461716,537300872041.0
860272213612,376812551945.0
860283732314,610468273790.0
860321181602,643632459200.0
860411997112,803607447245.0
860527086300,391623737625.0
860718356409,708381366518.0
860783408214,793349862460.0
860887256100,349961625785.0
860958820001,178786843121.0
861211120706,816946979378.0
861253941803,138404489039.0
861441311401,747931947120.0
861493254214,851826962373.0
861493367070,774405534242.0
861545485514,533925662925.0
861582340506,177042430200.0
861773844700,931550088038.0
861809267208,884095339917.0
861928372314,561019356087.0
861957841006,405780674285.0
862082612912,917120876383.0
862160875501,184568807536.0
862476449614,163554653960.0
862531220014,271936096806.0
862612805113,325094470922.0
862672210317,271936096806.0
862789447610,426097272894.0
862899731818,477130157187.0
862934177017,420670717614.0
862983411910,956544569779.0
863118194407,832816222779.0
863210490130,639615257315.0
863274482606,321821050981.0
863346811203,452878528354.0
863603291301,111829939005.0
863680945800,540686778440.0
863759006502,782659300337.0
863778411211,858408394018.0
864065783213,695815384055.0
864235280711,549636449528.0
864258218018,749383309234.0
864325496190,852498991342.0
864409903419,202370200144.0
864544424000,875769327067.0
864935004215,383184354827.0
864975445500,443708968930.0
865160514711,387046769071.0
865383644202,890584555682.0
865404694118,469395117752.0
865477939017,301419802878.0
865707479407,468508189267.0
865809847910,859839357186.0
865855738310,164659847043.0
866033443309,524168144134.0
866202150810,367772860584.0
866325194116,226597947729.0
866437622110,103317127411.0
866510177002,226597947729.0
866531366710,756533271608.0
866628557505,833843657633.0
866851595818,536926000103.0
866893482506,827483003796.0
866946744407,807241154023.0
866985344506,853243822497.0
867072914000,164774032970.0
867097607704,938165576989.0
867232501413,368830544069.0
867239198601,551669908216.0
867261055206,360365800913.0
867263034516,865638526335.0
867337150514,300704303705.0
867391706106,790661211264.0
867525977207,290811883490.0
867546111004,137791749281.0
867557581402,114418757102.0
867717378505,886605274932.0
867721469206,360799477808.0
867750661602,412061962934.0
867770710914,700816988926.0
867797786313,705809987910.0
867859922813,133331307000.0
868088941001,450700745376.0
868096529217,886242399835.0
868192213115,713592108316.0
868192719715,469856027449.0
868263511212,124323419784.0
868349587219,223330636201.0
868414026013,792925544623.0
868614223011,455518908109.0
868618845212,581179038621.0
868652224017,127745328232.0
868804333708,745183418346.0
868863677713,803607447245.0
868922522112,483198159217.0
868941106019,884095339917.0
868967951603,500340929011.0
869000358915,747695518310.0
869018392317,649910998984.0
869050419102,357907167606.0
869056178705,725277150220.0
869289047709,248560895315.0
869523923311,263275216855.0
869594430201,717141133881.0
869602015416,498576189494.0
869636456803,521489841954.0
869714251217,366306075980.0
869795598619,838321998904.0
869844644800,745183418346.0
869985442310,356882519200.0
870069321613,366306075980.0
870087444008,864989941234.0
870102035015,380395267044.0
870134841150,793444342145.0
870160510912,731979514608.0
870182043030,467351278302.0
870266770800,386111827150.0
870375039208,987318875244.0
870406252109,505159627724.0
870476676400,877922108082.0
870538727319,652056527909.0
870613614019,178709472746.0
870642450130,730217330795.0
870752144802,793444342145.0
870838873115,682707906365.0
870908156613,783881431989.0
871006463018,339822568996.0
871064727008,868654257341.0
871091872402,629125728167.0
871249214904,571497959934.0
871255129016,613201316191.0
871406030500,300704303705.0
871547921701,235141213197.0
871674927905,717141133881.0
871737506150,540124670282.0
871938721610,281326434965.0
871984160501,521489841954.0
872138927011,381383918104.0
872271688601,914371890618.0
872377059018,148682628266.0
872408711401,477206724192.0
872445265800,618040609303.0
872537735160,776783468157.0
872715663003,102075977289.0
872809335170,631388617100.0
872906891114,774254810527.0
872980074517,247213538548.0
872992758205,960265745469.0
873012991110,951643071037.0
873020356819,493913305943.0
873068441917,128287563098.0
873396293130,347927858467.0
873454347813,539003589072.0
873511574012,794605711686.0
873545288813,607272460622.0
873670037813,734765121660.0
873674274613,620197260152.0
873694120070,833077967517.0
873832328801,939437109289.0
873843031080,293032199310.0
873863979202,839379039600.0
873910714612,149378278232.0
873974249015,693578087291.0
874313179910,281906827782.0
874322769409,904442276808.0
874609825130,347293140776.0
874770333019,856672394019.0
874835943802,823223506770.0
874873811050,789867410052.0
874908379104,356003559972.0
874941554400,757880286381.0
875072997018,511081344627.0
875224994219,551001429299.0
875248516050,608663962899.0
875314647004,501225005956.0
875336585111,617486560884.0
875342379310,758598984912.0
875387430904,177042430200.0
875504018717,817870447679.0
875548345302,275676305090.0
875556324406,593082733705.0
875586628316,646945911682.0
875775377020,513512977514.0
875898599409,273625416949.0
876044510019,325094470922.0
876112043910,254208781333.0
876259857015,532527860967.0
876331678919,404434920850.0
876363931709,889461606062.0
876483627315,516144651102.0
876501716503,268968500151.0
876649307120,265656162391.0
876696119900,788665707170.0
876706065040,413171982547.0
876777694707,247213538548.0
876835282801,555857771819.0
876983615040,665410281744.0
877071324311,976173118420.0
877156494619,261834989729.0
877254633415,283247257795.0
877330631105,585421590272.0
877394316090,814817194714.0
877420148417,276302293052.0
877507251509,686662272654.0
877839418130,237148356717.0
877884038107,828755982549.0
878034832611,205276352981.0
878173771904,679598515802.0
878188445716,594940144659.0
878199442100,425047352238.0
878295458007,992084864505.0
878316940704,805976243816.0
878384499412,713869520934.0
878526319190,441390486279.0
878581500715,670020416796.0
878739781818,275561067480.0
878870253102,955443810255.0
878898655006,759251727490.0
878963095701,129793999262.0
879094375012,364555592181.0
879115138120,320859887531.0
879117627405,554236532455.0
879157983200,202971080983.0
879161452012,284862495870.0
879251641618,102075977289.0
879281743030,331217591066.0
879342177210,650581544120.0
879443650004,425931243115.0
879469025801,562122257523.0
879472031502,465390829640.0
879699690918,670657865927.0
879736988718,700104622140.0
879917218718,399137143940.0
880003382312,884529214090.0
880028223006,486887694897.0
880111651701,481512373151.0
880143210414,668115958896.0
880243791600,273608054690.0
880267094112,755337816370.0
880298505709,692701946941.0
880377274614,920413742532.0
880449665190,177885382881.0
880692663160,574081152295.0
880786418609,275561067480.0
880793406116,952931536932.0
881040453801,606407335253.0
881076711715,282897339267.0
881116071117,403803508193.0
881122596112,951770333776.0
881246143906,683381189529.0
881311240207,440282987976.0
881405690804,952434293151.0
881570598150,965388443624.0
881672887918,620883261953.0
881829580314,756533271608.0
881894625107,911426120637.0
881995164119,103317127411.0
882092745400,438480690686.0
882141794405,433498209684.0
882220196407,145707840661.0
882414400115,516869125759.0
882430852814,826901962255.0
882605208813,852001413727.0
882688789160,200575739888.0
882735167407,518168461024.0
882773392711,426642430939.0
882816160503,732104739680.0
882932718206,513906631006.0
882983560107,686738068007.0
883006263918,611692577640.0
883055664716,755374770804.0
883083390517,228775446161.0
883107063014,283612965463.0
883238408914,495912918608.0
883340252712,253581878562.0
883352825700,948464271492.0
883394453704,357075464787.0
883457685918,636728050655.0
883635884414,898046527864.0
883695142819,809346003406.0
883772351012,697511118355.0
884073796505,335958487187.0
884224112106,955164862722.0
884286456313,728262086402.0
884325092316,329353146437.0
884342732509,363765981058.0
884362811619,529020575630.0
884368585415,197876671490.0
884400105806,420407614301.0
884420525120,868514692526.0
884487801415,563893397453.0
884527054108,488126315747.0
884592018809,300656870253.0
884649825615,292023248645.0
884994370103,695568750364.0
885093772013,311214200926.0
885102418010,234191348963.0
885185543903,125708778128.0
885215780004,642810878957.0
885276074080,998035442506.0
885424865015,450809303010.0
885569375405,564243896864.0
885791609104,778816873772.0
885954882714,129508979863.0
885984465800,324609442558.0
886094164150,488187841204.0
886112581615,568448377380.0
886211957909,858408394018.0
886248683412,871115263236.0
886286821211,343701181351.0
886313176216,539003589072.0
886454856114,848439498604.0
886483068213,948699195656.0
886534510800,566730021367.0
886570535715,439388065045.0
886697643203,269478368778.0
886703421816,122780671853.0
886772486607,745154485904.0
886824628070,789867410052.0
887097247411,985346859249.0
887194676704,487248783204.0
887268122004,285706256446.0
887310395514,517987713838.0
887465214518,916565754207.0
887600345204,750521561440.0
887703599200,988884949733.0
887793387715,441776164085.0
887872055518,486819011167.0
887899320405,173675519298.0
888027924008,482823405738.0
888208249219,939437109289.0
888272253014,693972462510.0
888350566609,443114352930.0
888642883118,306744367371.0
888699949418,577174717241.0
888742590402,536119960714.0
888769471503,617486560884.0
888806814703,944801349451.0
888942758402,832643535588.0
889069275618,713445824551.0
889131816111,897565087629.0
889174337070,782490693733.0
889215285312,322194569859.0
889578923318,627769447837.0
889809922412,846347274600.0
889842979809,113454731726.0
889897943004,111829939005.0
889986739316,381538151896.0
890018639219,390744961745.0
890031951018,721746404717.0
890273413812,957625022374.0
890490495070,812599158246.0
890578667409,583976147665.0
890672133016,766627766512.0
890683135505,360365800913.0
890729976106,917120876383.0
890742256818,469856027449.0
890745141004,970426885002.0
890830844401,669899103828.0
890838905813,560473614056.0
890839821403,981616291149.0
891199102714,488126315747.0
891289495040,412124596778.0
891446395603,498576189494.0
891505150509,563893397453.0
891705406010,451698309653.0
891791936705,268029241774.0
891885530007,444202365030.0
891973066017,475901522314.0
891988088911,518425717333.0
892045097414,671845107959.0
892151158913,202971080983.0
892258868615,985893215240.0
892299114416,379029503250.0
892459922217,125708778128.0
892470417014,954449245879.0
892492483190,128484364213.0
892777192218,668697374343.0
892873780015,379288181808.0
893077631209,214894109917.0
893091110319,219035351732.0
893174792801,689656135540.0
893427963315,545542082108.0
893664562508,140890672615.0
893686832806,659553763627.0
893696603006,652537001910.0
893751823518,220900285441.0
893752072419,641528871038.0
893787838612,467043138419.0
893815747102,931550088038.0
894035572718,816673790082.0
894050696018,825649384044.0
894084995209,864520430820.0
894153095905,320736253044.0
894221140700,615538444443.0
894236831515,693745110100.0
894243370812,247223296933.0
894291084906,240584021465.0
894338971004,989542985879.0
894368284305,557473299749.0
894426819215,890843198819.0
894525737101,736709587021.0
894536548618,857984614330.0
894550483018,825144558878.0
894579265204,727850079381.0
894808053513,154620856797.0
894833763309,852281800581.0
894863725710,443114352930.0
894950943160,314310756218.0
894989769318,545542082108.0
894999868717,391623737625.0
895072063412,705136763003.0
895156453815,426642430939.0
895199322216,271606323631.0
895456573819,402716734944.0
895509842212,377850652789.0
895516158101,298857950638.0
895523384602,616565505743.0
895547583600,948699195656.0
895803786708,211148260377.0
895836570002,646130514738.0
895883843713,424914879710.0
895908687115,679598515802.0
896071343401,740214521557.0
896197331402,511858300886.0
896352753307,910875277619.0
896406304806,788290167969.0
896701547407,160461022719.0
896715041219,308396181233.0
896853060000,868461294982.0
896889408805,738424136164.0
897087125114,650715180830.0
897111189010,139813991353.0
897238398917,564536741727.0
897267814901,569725163603.0
897281480505,861140573631.0
897340183010,278992179630.0
897346791016,431254611603.0
897369036619,939437109289.0
897388387801,806429279020.0
897401994017,714680684287.0
897435112507,444202365030.0
897642015710,985845800736.0
897790817702,163664597160.0
897835458060,326152769961.0
897953359601,793349862460.0
898007750405,805831335475.0
898037535714,394909440513.0
898120574915,646890757000.0
898181945001,488187841204.0
898232986902,769789729926.0
898261682090,122875946339.0
898341201613,831351622538.0
898374078707,441390486279.0
898501286208,839284226998.0
898552931304,610379459869.0
898566783502,159471465288.0
898586238511,211148260377.0
898618042506,890580664180.0
898761596417,299859778020.0
898772042709,196922787197.0
898808647001,936024738316.0
898811959012,156465442746.0
898830876614,764469437992.0
898964332814,979009009877.0
899096511800,884769074746.0
899231424316,455518908109.0
